respID,obsID,qID,altID,choice,price,fuelEconomy,accelTime,electric,outsideGood
1,1,1,1,0,20,30,6,0,0
1,1,1,2,1,15,20,8,0,0
1,1,1,3,0,25,20,6,1,0
1,1,1,4,0,0,0,0,0,1
1,2,2,1,1,20,20,6,0,0
1,2,2,2,0,20,30,7,0,0
1,2,2,3,0,25,20,7,1,0
1,2,2,4,0,0,0,0,0,1
1,3,3,1,1,20,30,6,0,0
1,3,3,2,0,25,20,6,1,0
1,3,3,3,0,25,25,8,1,0
1,3,3,4,0,0,0,0,0,1
1,4,4,1,1,15,25,8,0,0
1,4,4,2,0,20,20,8,0,0
1,4,4,3,0,15,20,8,1,0
1,4,4,4,0,0,0,0,0,1
1,5,5,1,0,20,20,8,1,0
1,5,5,2,0,15,20,6,0,0
1,5,5,3,1,15,25,8,0,0
1,5,5,4,0,0,0,0,0,1
1,6,6,1,0,20,25,8,1,0
1,6,6,2,0,25,20,8,1,0
1,6,6,3,1,15,30,6,1,0
1,6,6,4,0,0,0,0,0,1
1,7,7,1,0,20,30,8,0,0
1,7,7,2,0,15,20,6,0,0
1,7,7,3,1,15,30,6,0,0
1,7,7,4,0,0,0,0,0,1
1,8,8,1,0,25,25,8,0,0
1,8,8,2,0,25,20,8,0,0
1,8,8,3,1,15,30,6,0,0
1,8,8,4,0,0,0,0,0,1
2,9,1,1,0,25,25,6,0,0
2,9,1,2,1,15,20,6,1,0
2,9,1,3,0,25,25,8,1,0
2,9,1,4,0,0,0,0,0,1
2,10,2,1,0,15,30,8,0,0
2,10,2,2,0,20,20,7,1,0
2,10,2,3,1,15,30,6,0,0
2,10,2,4,0,0,0,0,0,1
2,11,3,1,1,15,25,8,1,0
2,11,3,2,0,25,20,6,0,0
2,11,3,3,0,25,30,6,1,0
2,11,3,4,0,0,0,0,0,1
2,12,4,1,0,15,30,7,0,0
2,12,4,2,0,20,20,8,1,0
2,12,4,3,1,15,25,7,0,0
2,12,4,4,0,0,0,0,0,1
2,13,5,1,1,15,25,6,1,0
2,13,5,2,0,20,30,8,0,0
2,13,5,3,0,25,25,7,1,0
2,13,5,4,0,0,0,0,0,1
2,14,6,1,0,25,30,6,1,0
2,14,6,2,0,20,25,6,1,0
2,14,6,3,0,20,30,8,1,0
2,14,6,4,1,0,0,0,0,1
2,15,7,1,1,15,25,6,1,0
2,15,7,2,0,20,25,6,1,0
2,15,7,3,0,25,30,6,1,0
2,15,7,4,0,0,0,0,0,1
2,16,8,1,0,15,25,6,1,0
2,16,8,2,0,25,25,7,1,0
2,16,8,3,0,20,20,8,1,0
2,16,8,4,1,0,0,0,0,1
3,17,1,1,0,25,20,6,1,0
3,17,1,2,0,20,30,8,1,0
3,17,1,3,1,15,20,8,0,0
3,17,1,4,0,0,0,0,0,1
3,18,2,1,0,20,25,8,1,0
3,18,2,2,0,20,30,7,1,0
3,18,2,3,0,25,25,6,1,0
3,18,2,4,1,0,0,0,0,1
3,19,3,1,0,15,25,8,0,0
3,19,3,2,1,15,25,6,0,0
3,19,3,3,0,25,20,8,0,0
3,19,3,4,0,0,0,0,0,1
3,20,4,1,0,20,20,7,1,0
3,20,4,2,0,15,30,6,1,0
3,20,4,3,1,15,30,6,0,0
3,20,4,4,0,0,0,0,0,1
3,21,5,1,0,20,25,7,1,0
3,21,5,2,0,25,30,6,0,0
3,21,5,3,1,20,30,7,0,0
3,21,5,4,0,0,0,0,0,1
3,22,6,1,1,25,20,6,0,0
3,22,6,2,0,15,20,7,1,0
3,22,6,3,0,25,30,6,1,0
3,22,6,4,0,0,0,0,0,1
3,23,7,1,0,25,20,6,0,0
3,23,7,2,0,25,20,6,1,0
3,23,7,3,0,25,20,8,1,0
3,23,7,4,1,0,0,0,0,1
3,24,8,1,0,20,30,6,1,0
3,24,8,2,0,20,30,7,0,0
3,24,8,3,1,15,30,7,0,0
3,24,8,4,0,0,0,0,0,1
4,25,1,1,0,25,25,8,1,0
4,25,1,2,1,20,20,7,1,0
4,25,1,3,0,20,20,6,1,0
4,25,1,4,0,0,0,0,0,1
4,26,2,1,0,25,25,8,0,0
4,26,2,2,0,25,30,6,1,0
4,26,2,3,1,25,30,6,0,0
4,26,2,4,0,0,0,0,0,1
4,27,3,1,0,20,20,8,1,0
4,27,3,2,1,20,30,8,0,0
4,27,3,3,0,25,20,6,1,0
4,27,3,4,0,0,0,0,0,1
4,28,4,1,1,20,30,6,0,0
4,28,4,2,0,25,30,7,0,0
4,28,4,3,0,20,25,8,0,0
4,28,4,4,0,0,0,0,0,1
4,29,5,1,1,15,25,6,0,0
4,29,5,2,0,20,20,8,0,0
4,29,5,3,0,20,25,7,0,0
4,29,5,4,0,0,0,0,0,1
4,30,6,1,0,20,30,6,1,0
4,30,6,2,0,25,25,6,0,0
4,30,6,3,0,25,25,8,1,0
4,30,6,4,1,0,0,0,0,1
4,31,7,1,1,15,25,6,0,0
4,31,7,2,0,25,20,7,0,0
4,31,7,3,0,20,20,6,0,0
4,31,7,4,0,0,0,0,0,1
4,32,8,1,0,15,20,8,1,0
4,32,8,2,0,20,20,7,1,0
4,32,8,3,1,20,20,6,0,0
4,32,8,4,0,0,0,0,0,1
5,33,1,1,0,25,25,6,0,0
5,33,1,2,0,15,20,8,1,0
5,33,1,3,1,15,25,8,0,0
5,33,1,4,0,0,0,0,0,1
5,34,2,1,1,20,25,7,0,0
5,34,2,2,0,25,30,6,0,0
5,34,2,3,0,15,25,8,1,0
5,34,2,4,0,0,0,0,0,1
5,35,3,1,0,25,30,7,1,0
5,35,3,2,0,15,30,7,1,0
5,35,3,3,0,20,25,7,0,0
5,35,3,4,1,0,0,0,0,1
5,36,4,1,1,15,30,6,0,0
5,36,4,2,0,15,20,8,0,0
5,36,4,3,0,20,20,8,1,0
5,36,4,4,0,0,0,0,0,1
5,37,5,1,1,15,20,6,0,0
5,37,5,2,0,20,25,8,1,0
5,37,5,3,0,20,25,8,0,0
5,37,5,4,0,0,0,0,0,1
5,38,6,1,1,15,25,6,0,0
5,38,6,2,0,15,25,6,1,0
5,38,6,3,0,25,30,7,1,0
5,38,6,4,0,0,0,0,0,1
5,39,7,1,0,25,25,8,0,0
5,39,7,2,0,20,30,8,0,0
5,39,7,3,1,15,25,7,0,0
5,39,7,4,0,0,0,0,0,1
5,40,8,1,0,20,20,6,0,0
5,40,8,2,1,15,30,8,0,0
5,40,8,3,0,15,30,8,1,0
5,40,8,4,0,0,0,0,0,1
6,41,1,1,1,15,20,8,0,0
6,41,1,2,0,20,30,6,0,0
6,41,1,3,0,25,20,8,1,0
6,41,1,4,0,0,0,0,0,1
6,42,2,1,0,25,30,7,1,0
6,42,2,2,0,15,30,8,1,0
6,42,2,3,1,15,25,6,0,0
6,42,2,4,0,0,0,0,0,1
6,43,3,1,0,20,30,8,0,0
6,43,3,2,0,20,25,7,0,0
6,43,3,3,1,20,30,6,0,0
6,43,3,4,0,0,0,0,0,1
6,44,4,1,0,20,20,7,0,0
6,44,4,2,1,15,20,8,0,0
6,44,4,3,0,20,20,6,1,0
6,44,4,4,0,0,0,0,0,1
6,45,5,1,0,25,30,8,1,0
6,45,5,2,0,15,30,6,1,0
6,45,5,3,1,15,25,6,0,0
6,45,5,4,0,0,0,0,0,1
6,46,6,1,0,20,20,7,1,0
6,46,6,2,1,25,25,6,0,0
6,46,6,3,0,25,30,8,1,0
6,46,6,4,0,0,0,0,0,1
6,47,7,1,0,20,25,8,0,0
6,47,7,2,0,25,25,7,0,0
6,47,7,3,1,20,30,7,0,0
6,47,7,4,0,0,0,0,0,1
6,48,8,1,0,20,20,6,1,0
6,48,8,2,0,20,20,7,0,0
6,48,8,3,0,25,30,8,0,0
6,48,8,4,1,0,0,0,0,1
7,49,1,1,0,25,20,6,1,0
7,49,1,2,0,25,30,6,1,0
7,49,1,3,0,25,25,8,1,0
7,49,1,4,1,0,0,0,0,1
7,50,2,1,1,15,25,8,0,0
7,50,2,2,0,15,20,8,0,0
7,50,2,3,0,15,30,6,1,0
7,50,2,4,0,0,0,0,0,1
7,51,3,1,0,25,30,8,1,0
7,51,3,2,0,25,30,7,1,0
7,51,3,3,0,25,30,7,0,0
7,51,3,4,1,0,0,0,0,1
7,52,4,1,0,20,20,8,1,0
7,52,4,2,0,20,20,6,0,0
7,52,4,3,1,15,30,7,1,0
7,52,4,4,0,0,0,0,0,1
7,53,5,1,0,25,30,8,0,0
7,53,5,2,1,15,25,6,0,0
7,53,5,3,0,15,20,6,1,0
7,53,5,4,0,0,0,0,0,1
7,54,6,1,1,15,20,6,0,0
7,54,6,2,0,25,30,8,0,0
7,54,6,3,0,25,25,8,0,0
7,54,6,4,0,0,0,0,0,1
7,55,7,1,0,20,25,7,0,0
7,55,7,2,0,25,25,8,0,0
7,55,7,3,1,15,30,6,1,0
7,55,7,4,0,0,0,0,0,1
7,56,8,1,0,25,30,6,0,0
7,56,8,2,1,15,30,6,0,0
7,56,8,3,0,25,30,7,0,0
7,56,8,4,0,0,0,0,0,1
8,57,1,1,0,25,20,6,1,0
8,57,1,2,1,15,25,7,0,0
8,57,1,3,0,20,25,8,0,0
8,57,1,4,0,0,0,0,0,1
8,58,2,1,1,15,25,6,1,0
8,58,2,2,0,25,25,8,1,0
8,58,2,3,0,25,20,8,1,0
8,58,2,4,0,0,0,0,0,1
8,59,3,1,0,25,30,8,1,0
8,59,3,2,1,20,25,8,0,0
8,59,3,3,0,20,30,6,0,0
8,59,3,4,0,0,0,0,0,1
8,60,4,1,1,20,20,6,0,0
8,60,4,2,0,25,20,8,1,0
8,60,4,3,0,25,25,7,0,0
8,60,4,4,0,0,0,0,0,1
8,61,5,1,1,15,25,8,1,0
8,61,5,2,0,25,20,6,1,0
8,61,5,3,0,15,30,8,1,0
8,61,5,4,0,0,0,0,0,1
8,62,6,1,1,15,20,6,0,0
8,62,6,2,0,20,30,8,0,0
8,62,6,3,0,15,30,6,1,0
8,62,6,4,0,0,0,0,0,1
8,63,7,1,1,15,30,7,0,0
8,63,7,2,0,25,30,8,0,0
8,63,7,3,0,25,20,8,0,0
8,63,7,4,0,0,0,0,0,1
8,64,8,1,1,15,20,6,0,0
8,64,8,2,0,25,25,6,1,0
8,64,8,3,0,20,25,7,0,0
8,64,8,4,0,0,0,0,0,1
9,65,1,1,0,20,20,6,1,0
9,65,1,2,0,25,20,6,0,0
9,65,1,3,0,25,25,8,0,0
9,65,1,4,1,0,0,0,0,1
9,66,2,1,0,15,20,8,1,0
9,66,2,2,0,20,20,6,1,0
9,66,2,3,0,20,25,8,0,0
9,66,2,4,1,0,0,0,0,1
9,67,3,1,0,15,30,8,1,0
9,67,3,2,0,15,20,8,0,0
9,67,3,3,1,15,30,8,0,0
9,67,3,4,0,0,0,0,0,1
9,68,4,1,0,25,30,7,1,0
9,68,4,2,0,25,30,8,0,0
9,68,4,3,0,25,25,6,1,0
9,68,4,4,1,0,0,0,0,1
9,69,5,1,0,20,25,8,0,0
9,69,5,2,1,15,30,7,0,0
9,69,5,3,0,20,30,7,0,0
9,69,5,4,0,0,0,0,0,1
9,70,6,1,0,20,20,8,1,0
9,70,6,2,0,20,30,6,1,0
9,70,6,3,1,20,25,6,0,0
9,70,6,4,0,0,0,0,0,1
9,71,7,1,0,25,30,7,0,0
9,71,7,2,1,15,25,7,1,0
9,71,7,3,0,25,25,8,0,0
9,71,7,4,0,0,0,0,0,1
9,72,8,1,1,15,25,7,1,0
9,72,8,2,0,20,20,6,0,0
9,72,8,3,0,20,30,6,1,0
9,72,8,4,0,0,0,0,0,1
10,73,1,1,0,25,30,6,0,0
10,73,1,2,1,20,30,6,0,0
10,73,1,3,0,15,20,7,1,0
10,73,1,4,0,0,0,0,0,1
10,74,2,1,0,20,30,6,1,0
10,74,2,2,1,15,30,7,1,0
10,74,2,3,0,20,20,6,0,0
10,74,2,4,0,0,0,0,0,1
10,75,3,1,1,15,25,8,1,0
10,75,3,2,0,25,20,6,1,0
10,75,3,3,0,20,20,7,0,0
10,75,3,4,0,0,0,0,0,1
10,76,4,1,1,15,25,6,0,0
10,76,4,2,0,20,25,6,1,0
10,76,4,3,0,15,25,7,0,0
10,76,4,4,0,0,0,0,0,1
10,77,5,1,0,25,25,6,1,0
10,77,5,2,0,25,25,8,0,0
10,77,5,3,1,15,20,6,1,0
10,77,5,4,0,0,0,0,0,1
10,78,6,1,0,25,20,8,1,0
10,78,6,2,0,15,20,8,1,0
10,78,6,3,1,15,30,6,0,0
10,78,6,4,0,0,0,0,0,1
10,79,7,1,0,15,25,7,1,0
10,79,7,2,0,15,20,6,1,0
10,79,7,3,0,20,30,8,1,0
10,79,7,4,1,0,0,0,0,1
10,80,8,1,0,20,25,8,1,0
10,80,8,2,1,15,30,6,0,0
10,80,8,3,0,15,20,8,1,0
10,80,8,4,0,0,0,0,0,1
11,81,1,1,0,25,25,7,0,0
11,81,1,2,0,25,20,8,0,0
11,81,1,3,1,20,30,8,1,0
11,81,1,4,0,0,0,0,0,1
11,82,2,1,0,15,25,8,0,0
11,82,2,2,0,20,20,6,1,0
11,82,2,3,1,15,30,8,0,0
11,82,2,4,0,0,0,0,0,1
11,83,3,1,0,25,30,7,1,0
11,83,3,2,1,15,25,7,0,0
11,83,3,3,0,25,25,7,1,0
11,83,3,4,0,0,0,0,0,1
11,84,4,1,0,25,30,6,1,0
11,84,4,2,0,20,25,6,0,0
11,84,4,3,1,20,20,7,0,0
11,84,4,4,0,0,0,0,0,1
11,85,5,1,0,20,25,7,1,0
11,85,5,2,1,15,25,6,1,0
11,85,5,3,0,25,20,6,0,0
11,85,5,4,0,0,0,0,0,1
11,86,6,1,0,20,25,6,1,0
11,86,6,2,0,25,25,6,0,0
11,86,6,3,0,20,20,8,0,0
11,86,6,4,1,0,0,0,0,1
11,87,7,1,0,15,25,8,1,0
11,87,7,2,0,25,25,8,0,0
11,87,7,3,1,15,20,6,0,0
11,87,7,4,0,0,0,0,0,1
11,88,8,1,0,20,25,7,1,0
11,88,8,2,0,25,30,8,1,0
11,88,8,3,1,20,25,7,0,0
11,88,8,4,0,0,0,0,0,1
12,89,1,1,0,20,20,8,1,0
12,89,1,2,0,25,20,7,0,0
12,89,1,3,1,15,20,6,0,0
12,89,1,4,0,0,0,0,0,1
12,90,2,1,1,15,25,7,1,0
12,90,2,2,0,20,20,6,1,0
12,90,2,3,0,20,30,8,0,0
12,90,2,4,0,0,0,0,0,1
12,91,3,1,0,25,20,8,0,0
12,91,3,2,0,25,25,7,0,0
12,91,3,3,1,15,25,8,0,0
12,91,3,4,0,0,0,0,0,1
12,92,4,1,0,20,25,7,0,0
12,92,4,2,1,20,20,6,0,0
12,92,4,3,0,20,25,7,1,0
12,92,4,4,0,0,0,0,0,1
12,93,5,1,0,25,20,8,0,0
12,93,5,2,0,15,30,8,1,0
12,93,5,3,0,15,20,7,1,0
12,93,5,4,1,0,0,0,0,1
12,94,6,1,0,25,30,7,1,0
12,94,6,2,0,25,20,7,0,0
12,94,6,3,1,20,25,8,0,0
12,94,6,4,0,0,0,0,0,1
12,95,7,1,0,25,25,8,1,0
12,95,7,2,0,25,20,6,0,0
12,95,7,3,1,15,25,7,1,0
12,95,7,4,0,0,0,0,0,1
12,96,8,1,1,15,20,8,1,0
12,96,8,2,0,25,20,7,1,0
12,96,8,3,0,25,30,8,1,0
12,96,8,4,0,0,0,0,0,1
13,97,1,1,1,15,25,6,1,0
13,97,1,2,0,25,30,8,1,0
13,97,1,3,0,15,20,8,1,0
13,97,1,4,0,0,0,0,0,1
13,98,2,1,0,20,20,8,1,0
13,98,2,2,1,15,30,7,1,0
13,98,2,3,0,20,25,7,1,0
13,98,2,4,0,0,0,0,0,1
13,99,3,1,0,25,30,8,1,0
13,99,3,2,0,25,25,6,1,0
13,99,3,3,1,15,30,8,0,0
13,99,3,4,0,0,0,0,0,1
13,100,4,1,0,20,25,7,1,0
13,100,4,2,0,25,20,8,1,0
13,100,4,3,1,20,25,7,0,0
13,100,4,4,0,0,0,0,0,1
13,101,5,1,1,15,30,6,1,0
13,101,5,2,0,25,25,6,1,0
13,101,5,3,0,20,25,6,1,0
13,101,5,4,0,0,0,0,0,1
13,102,6,1,0,15,25,8,1,0
13,102,6,2,1,15,25,8,0,0
13,102,6,3,0,25,25,6,1,0
13,102,6,4,0,0,0,0,0,1
13,103,7,1,0,15,30,6,1,0
13,103,7,2,0,25,20,8,0,0
13,103,7,3,1,15,25,6,0,0
13,103,7,4,0,0,0,0,0,1
13,104,8,1,1,20,30,8,0,0
13,104,8,2,0,20,25,6,1,0
13,104,8,3,0,15,30,7,1,0
13,104,8,4,0,0,0,0,0,1
14,105,1,1,0,25,25,7,0,0
14,105,1,2,0,25,30,8,0,0
14,105,1,3,0,25,20,8,0,0
14,105,1,4,1,0,0,0,0,1
14,106,2,1,0,25,25,6,1,0
14,106,2,2,1,15,20,7,0,0
14,106,2,3,0,15,20,7,1,0
14,106,2,4,0,0,0,0,0,1
14,107,3,1,0,15,20,6,0,0
14,107,3,2,0,15,30,6,1,0
14,107,3,3,1,15,25,6,0,0
14,107,3,4,0,0,0,0,0,1
14,108,4,1,1,15,25,8,0,0
14,108,4,2,0,20,25,8,0,0
14,108,4,3,0,20,25,6,0,0
14,108,4,4,0,0,0,0,0,1
14,109,5,1,0,20,20,7,1,0
14,109,5,2,0,15,30,8,1,0
14,109,5,3,1,15,25,6,1,0
14,109,5,4,0,0,0,0,0,1
14,110,6,1,0,20,20,7,1,0
14,110,6,2,0,25,25,8,1,0
14,110,6,3,0,20,25,6,1,0
14,110,6,4,1,0,0,0,0,1
14,111,7,1,0,15,25,8,1,0
14,111,7,2,0,25,20,8,0,0
14,111,7,3,0,20,30,8,1,0
14,111,7,4,1,0,0,0,0,1
14,112,8,1,0,25,25,8,0,0
14,112,8,2,1,20,20,6,0,0
14,112,8,3,0,25,30,6,0,0
14,112,8,4,0,0,0,0,0,1
15,113,1,1,1,15,30,6,0,0
15,113,1,2,0,25,25,6,1,0
15,113,1,3,0,20,20,8,0,0
15,113,1,4,0,0,0,0,0,1
15,114,2,1,1,20,30,6,0,0
15,114,2,2,0,20,30,6,1,0
15,114,2,3,0,20,20,7,0,0
15,114,2,4,0,0,0,0,0,1
15,115,3,1,0,15,20,6,1,0
15,115,3,2,0,25,30,6,1,0
15,115,3,3,1,15,30,7,1,0
15,115,3,4,0,0,0,0,0,1
15,116,4,1,0,20,25,8,0,0
15,116,4,2,0,15,20,7,1,0
15,116,4,3,1,20,30,8,0,0
15,116,4,4,0,0,0,0,0,1
15,117,5,1,0,25,25,8,0,0
15,117,5,2,1,15,20,6,1,0
15,117,5,3,0,25,20,6,0,0
15,117,5,4,0,0,0,0,0,1
15,118,6,1,0,15,30,6,1,0
15,118,6,2,1,15,30,6,0,0
15,118,6,3,0,25,25,7,0,0
15,118,6,4,0,0,0,0,0,1
15,119,7,1,0,25,20,8,1,0
15,119,7,2,0,20,30,8,1,0
15,119,7,3,0,20,25,6,1,0
15,119,7,4,1,0,0,0,0,1
15,120,8,1,0,20,25,8,1,0
15,120,8,2,0,25,25,6,1,0
15,120,8,3,1,15,20,6,0,0
15,120,8,4,0,0,0,0,0,1
16,121,1,1,0,20,20,6,0,0
16,121,1,2,1,15,20,6,0,0
16,121,1,3,0,25,25,8,1,0
16,121,1,4,0,0,0,0,0,1
16,122,2,1,0,25,30,7,0,0
16,122,2,2,0,25,20,8,0,0
16,122,2,3,1,20,25,7,0,0
16,122,2,4,0,0,0,0,0,1
16,123,3,1,0,25,20,7,1,0
16,123,3,2,0,25,25,6,1,0
16,123,3,3,0,25,25,7,1,0
16,123,3,4,1,0,0,0,0,1
16,124,4,1,1,15,30,7,0,0
16,124,4,2,0,25,20,6,1,0
16,124,4,3,0,25,20,8,0,0
16,124,4,4,0,0,0,0,0,1
16,125,5,1,0,20,30,7,0,0
16,125,5,2,0,25,30,8,0,0
16,125,5,3,1,15,20,6,0,0
16,125,5,4,0,0,0,0,0,1
16,126,6,1,1,15,30,6,1,0
16,126,6,2,0,25,30,6,0,0
16,126,6,3,0,20,25,6,1,0
16,126,6,4,0,0,0,0,0,1
16,127,7,1,1,20,30,6,0,0
16,127,7,2,0,20,30,8,1,0
16,127,7,3,0,20,20,8,1,0
16,127,7,4,0,0,0,0,0,1
16,128,8,1,1,15,30,8,1,0
16,128,8,2,0,15,20,7,1,0
16,128,8,3,0,25,30,8,1,0
16,128,8,4,0,0,0,0,0,1
17,129,1,1,0,15,25,7,1,0
17,129,1,2,1,15,20,6,0,0
17,129,1,3,0,25,20,6,0,0
17,129,1,4,0,0,0,0,0,1
17,130,2,1,1,15,20,8,0,0
17,130,2,2,0,15,25,6,1,0
17,130,2,3,0,20,20,7,0,0
17,130,2,4,0,0,0,0,0,1
17,131,3,1,0,15,30,6,0,0
17,131,3,2,1,15,25,7,0,0
17,131,3,3,0,20,20,6,1,0
17,131,3,4,0,0,0,0,0,1
17,132,4,1,0,20,25,6,1,0
17,132,4,2,1,15,20,8,0,0
17,132,4,3,0,25,25,6,1,0
17,132,4,4,0,0,0,0,0,1
17,133,5,1,0,20,25,6,1,0
17,133,5,2,0,25,25,7,0,0
17,133,5,3,1,20,20,7,0,0
17,133,5,4,0,0,0,0,0,1
17,134,6,1,0,20,30,8,0,0
17,134,6,2,1,15,25,6,1,0
17,134,6,3,0,25,30,6,0,0
17,134,6,4,0,0,0,0,0,1
17,135,7,1,1,15,25,7,0,0
17,135,7,2,0,25,20,8,1,0
17,135,7,3,0,15,20,7,1,0
17,135,7,4,0,0,0,0,0,1
17,136,8,1,0,25,20,8,0,0
17,136,8,2,1,20,20,6,0,0
17,136,8,3,0,15,30,8,1,0
17,136,8,4,0,0,0,0,0,1
18,137,1,1,0,25,30,6,0,0
18,137,1,2,1,15,25,7,0,0
18,137,1,3,0,15,20,6,1,0
18,137,1,4,0,0,0,0,0,1
18,138,2,1,0,25,30,7,1,0
18,138,2,2,1,25,25,8,0,0
18,138,2,3,0,25,25,7,1,0
18,138,2,4,0,0,0,0,0,1
18,139,3,1,0,20,25,6,1,0
18,139,3,2,0,25,30,7,1,0
18,139,3,3,1,15,25,6,1,0
18,139,3,4,0,0,0,0,0,1
18,140,4,1,1,15,25,8,0,0
18,140,4,2,0,20,30,7,1,0
18,140,4,3,0,20,30,6,1,0
18,140,4,4,0,0,0,0,0,1
18,141,5,1,1,20,30,6,0,0
18,141,5,2,0,20,25,8,0,0
18,141,5,3,0,20,20,8,0,0
18,141,5,4,0,0,0,0,0,1
18,142,6,1,0,20,25,6,1,0
18,142,6,2,0,20,30,8,0,0
18,142,6,3,1,15,30,8,0,0
18,142,6,4,0,0,0,0,0,1
18,143,7,1,0,25,25,6,0,0
18,143,7,2,0,25,30,8,0,0
18,143,7,3,1,20,25,6,0,0
18,143,7,4,0,0,0,0,0,1
18,144,8,1,0,25,30,6,1,0
18,144,8,2,0,25,25,7,0,0
18,144,8,3,0,20,30,8,0,0
18,144,8,4,1,0,0,0,0,1
19,145,1,1,1,15,30,6,1,0
19,145,1,2,0,25,30,7,1,0
19,145,1,3,0,15,25,7,1,0
19,145,1,4,0,0,0,0,0,1
19,146,2,1,0,25,20,7,0,0
19,146,2,2,0,15,20,8,0,0
19,146,2,3,1,15,30,6,0,0
19,146,2,4,0,0,0,0,0,1
19,147,3,1,0,20,20,7,0,0
19,147,3,2,0,20,20,8,0,0
19,147,3,3,1,15,20,6,0,0
19,147,3,4,0,0,0,0,0,1
19,148,4,1,1,15,30,7,1,0
19,148,4,2,0,20,30,6,1,0
19,148,4,3,0,15,20,8,1,0
19,148,4,4,0,0,0,0,0,1
19,149,5,1,0,20,20,6,1,0
19,149,5,2,0,20,20,6,0,0
19,149,5,3,1,20,25,6,0,0
19,149,5,4,0,0,0,0,0,1
19,150,6,1,0,25,30,8,1,0
19,150,6,2,0,20,30,6,1,0
19,150,6,3,0,15,20,6,1,0
19,150,6,4,1,0,0,0,0,1
19,151,7,1,1,15,25,7,0,0
19,151,7,2,0,25,30,7,1,0
19,151,7,3,0,20,25,6,0,0
19,151,7,4,0,0,0,0,0,1
19,152,8,1,0,25,20,6,0,0
19,152,8,2,1,15,20,7,0,0
19,152,8,3,0,25,25,6,1,0
19,152,8,4,0,0,0,0,0,1
20,153,1,1,0,20,20,8,0,0
20,153,1,2,1,15,20,7,0,0
20,153,1,3,0,15,30,6,1,0
20,153,1,4,0,0,0,0,0,1
20,154,2,1,1,15,20,6,0,0
20,154,2,2,0,20,20,7,1,0
20,154,2,3,0,15,20,8,0,0
20,154,2,4,0,0,0,0,0,1
20,155,3,1,0,20,30,7,0,0
20,155,3,2,1,15,30,6,1,0
20,155,3,3,0,25,25,7,1,0
20,155,3,4,0,0,0,0,0,1
20,156,4,1,1,20,25,8,0,0
20,156,4,2,0,25,20,6,1,0
20,156,4,3,0,20,25,7,1,0
20,156,4,4,0,0,0,0,0,1
20,157,5,1,0,20,20,7,1,0
20,157,5,2,0,25,30,8,0,0
20,157,5,3,0,25,25,8,1,0
20,157,5,4,1,0,0,0,0,1
20,158,6,1,1,15,30,7,0,0
20,158,6,2,0,25,20,7,1,0
20,158,6,3,0,25,30,7,0,0
20,158,6,4,0,0,0,0,0,1
20,159,7,1,0,25,20,8,0,0
20,159,7,2,0,20,20,8,1,0
20,159,7,3,0,25,30,7,1,0
20,159,7,4,1,0,0,0,0,1
20,160,8,1,0,20,30,7,1,0
20,160,8,2,0,15,20,7,1,0
20,160,8,3,1,20,30,7,0,0
20,160,8,4,0,0,0,0,0,1
21,161,1,1,1,15,20,8,0,0
21,161,1,2,0,20,30,7,1,0
21,161,1,3,0,25,20,6,0,0
21,161,1,4,0,0,0,0,0,1
21,162,2,1,0,20,30,6,1,0
21,162,2,2,1,15,20,8,0,0
21,162,2,3,0,20,25,7,1,0
21,162,2,4,0,0,0,0,0,1
21,163,3,1,0,25,20,6,0,0
21,163,3,2,1,15,20,6,0,0
21,163,3,3,0,15,30,7,0,0
21,163,3,4,0,0,0,0,0,1
21,164,4,1,0,20,25,8,1,0
21,164,4,2,0,20,25,7,1,0
21,164,4,3,0,25,20,8,0,0
21,164,4,4,1,0,0,0,0,1
21,165,5,1,0,25,30,8,1,0
21,165,5,2,0,25,25,7,1,0
21,165,5,3,1,15,25,8,0,0
21,165,5,4,0,0,0,0,0,1
21,166,6,1,0,15,30,7,1,0
21,166,6,2,1,15,25,7,0,0
21,166,6,3,0,25,30,8,1,0
21,166,6,4,0,0,0,0,0,1
21,167,7,1,0,15,30,8,1,0
21,167,7,2,1,15,20,7,1,0
21,167,7,3,0,25,20,7,1,0
21,167,7,4,0,0,0,0,0,1
21,168,8,1,1,15,25,8,1,0
21,168,8,2,0,25,20,6,0,0
21,168,8,3,0,25,30,8,0,0
21,168,8,4,0,0,0,0,0,1
22,169,1,1,0,15,30,7,1,0
22,169,1,2,1,15,30,8,0,0
22,169,1,3,0,20,30,7,1,0
22,169,1,4,0,0,0,0,0,1
22,170,2,1,0,20,25,8,0,0
22,170,2,2,1,15,20,7,0,0
22,170,2,3,0,20,20,6,0,0
22,170,2,4,0,0,0,0,0,1
22,171,3,1,0,25,25,7,1,0
22,171,3,2,1,25,25,7,0,0
22,171,3,3,0,15,25,6,1,0
22,171,3,4,0,0,0,0,0,1
22,172,4,1,1,15,20,8,1,0
22,172,4,2,0,20,25,8,1,0
22,172,4,3,0,15,25,7,1,0
22,172,4,4,0,0,0,0,0,1
22,173,5,1,0,25,25,7,0,0
22,173,5,2,0,25,25,8,1,0
22,173,5,3,0,25,20,6,1,0
22,173,5,4,1,0,0,0,0,1
22,174,6,1,1,15,25,6,0,0
22,174,6,2,0,20,30,8,1,0
22,174,6,3,0,20,25,8,1,0
22,174,6,4,0,0,0,0,0,1
22,175,7,1,0,25,25,6,0,0
22,175,7,2,1,15,30,6,1,0
22,175,7,3,0,20,25,6,0,0
22,175,7,4,0,0,0,0,0,1
22,176,8,1,0,15,20,8,1,0
22,176,8,2,0,15,20,7,0,0
22,176,8,3,1,15,30,7,0,0
22,176,8,4,0,0,0,0,0,1
23,177,1,1,0,15,30,7,0,0
23,177,1,2,0,15,25,8,1,0
23,177,1,3,1,15,30,6,0,0
23,177,1,4,0,0,0,0,0,1
23,178,2,1,0,20,30,8,1,0
23,178,2,2,0,15,25,8,1,0
23,178,2,3,0,20,20,7,1,0
23,178,2,4,1,0,0,0,0,1
23,179,3,1,0,25,30,6,0,0
23,179,3,2,1,20,25,8,0,0
23,179,3,3,0,15,30,7,1,0
23,179,3,4,0,0,0,0,0,1
23,180,4,1,0,20,20,6,0,0
23,180,4,2,0,15,25,8,1,0
23,180,4,3,1,15,25,6,0,0
23,180,4,4,0,0,0,0,0,1
23,181,5,1,1,20,25,7,0,0
23,181,5,2,0,20,25,8,1,0
23,181,5,3,0,20,20,8,1,0
23,181,5,4,0,0,0,0,0,1
23,182,6,1,0,20,20,8,0,0
23,182,6,2,1,20,30,7,0,0
23,182,6,3,0,20,25,8,0,0
23,182,6,4,0,0,0,0,0,1
23,183,7,1,0,25,20,8,0,0
23,183,7,2,0,25,25,6,0,0
23,183,7,3,1,15,25,8,0,0
23,183,7,4,0,0,0,0,0,1
23,184,8,1,0,25,25,8,1,0
23,184,8,2,0,15,30,6,1,0
23,184,8,3,1,20,20,8,0,0
23,184,8,4,0,0,0,0,0,1
24,185,1,1,0,25,30,6,1,0
24,185,1,2,0,25,20,6,1,0
24,185,1,3,1,15,25,6,0,0
24,185,1,4,0,0,0,0,0,1
24,186,2,1,1,15,30,6,1,0
24,186,2,2,0,20,30,8,1,0
24,186,2,3,0,25,30,8,0,0
24,186,2,4,0,0,0,0,0,1
24,187,3,1,0,15,30,6,1,0
24,187,3,2,1,20,25,8,0,0
24,187,3,3,0,15,30,8,1,0
24,187,3,4,0,0,0,0,0,1
24,188,4,1,1,15,20,6,0,0
24,188,4,2,0,20,30,6,0,0
24,188,4,3,0,20,25,8,0,0
24,188,4,4,0,0,0,0,0,1
24,189,5,1,0,25,30,6,0,0
24,189,5,2,0,25,30,8,1,0
24,189,5,3,0,25,30,6,1,0
24,189,5,4,1,0,0,0,0,1
24,190,6,1,0,25,25,6,0,0
24,190,6,2,1,20,20,7,0,0
24,190,6,3,0,20,25,7,1,0
24,190,6,4,0,0,0,0,0,1
24,191,7,1,0,25,20,8,0,0
24,191,7,2,0,20,20,6,1,0
24,191,7,3,1,20,30,8,0,0
24,191,7,4,0,0,0,0,0,1
24,192,8,1,1,15,25,6,0,0
24,192,8,2,0,25,20,8,0,0
24,192,8,3,0,20,30,7,0,0
24,192,8,4,0,0,0,0,0,1
25,193,1,1,0,20,20,8,0,0
25,193,1,2,0,25,30,8,0,0
25,193,1,3,1,15,20,6,0,0
25,193,1,4,0,0,0,0,0,1
25,194,2,1,0,20,30,7,1,0
25,194,2,2,1,20,30,6,1,0
25,194,2,3,0,20,20,7,1,0
25,194,2,4,0,0,0,0,0,1
25,195,3,1,0,15,25,7,1,0
25,195,3,2,1,15,20,6,1,0
25,195,3,3,0,25,25,8,0,0
25,195,3,4,0,0,0,0,0,1
25,196,4,1,1,20,30,6,0,0
25,196,4,2,0,15,30,7,1,0
25,196,4,3,0,25,30,7,1,0
25,196,4,4,0,0,0,0,0,1
25,197,5,1,1,15,20,6,0,0
25,197,5,2,0,20,30,6,1,0
25,197,5,3,0,20,30,6,0,0
25,197,5,4,0,0,0,0,0,1
25,198,6,1,1,15,20,8,0,0
25,198,6,2,0,20,20,7,1,0
25,198,6,3,0,25,30,8,0,0
25,198,6,4,0,0,0,0,0,1
25,199,7,1,0,15,30,7,1,0
25,199,7,2,1,15,30,6,0,0
25,199,7,3,0,20,25,6,0,0
25,199,7,4,0,0,0,0,0,1
25,200,8,1,1,15,20,7,1,0
25,200,8,2,0,25,20,7,1,0
25,200,8,3,0,25,30,7,0,0
25,200,8,4,0,0,0,0,0,1
26,201,1,1,0,20,30,6,0,0
26,201,1,2,0,25,20,8,0,0
26,201,1,3,1,20,25,6,0,0
26,201,1,4,0,0,0,0,0,1
26,202,2,1,0,25,20,7,1,0
26,202,2,2,0,25,25,6,1,0
26,202,2,3,0,20,30,8,1,0
26,202,2,4,1,0,0,0,0,1
26,203,3,1,0,20,30,8,1,0
26,203,3,2,0,25,30,6,0,0
26,203,3,3,0,20,30,6,1,0
26,203,3,4,1,0,0,0,0,1
26,204,4,1,0,25,25,6,1,0
26,204,4,2,1,15,25,6,1,0
26,204,4,3,0,20,20,6,1,0
26,204,4,4,0,0,0,0,0,1
26,205,5,1,1,20,30,6,0,0
26,205,5,2,0,15,20,7,1,0
26,205,5,3,0,20,25,8,0,0
26,205,5,4,0,0,0,0,0,1
26,206,6,1,0,25,30,8,0,0
26,206,6,2,0,25,20,7,0,0
26,206,6,3,0,25,30,6,0,0
26,206,6,4,1,0,0,0,0,1
26,207,7,1,0,25,25,6,1,0
26,207,7,2,0,25,30,6,1,0
26,207,7,3,1,15,20,8,0,0
26,207,7,4,0,0,0,0,0,1
26,208,8,1,0,25,20,7,1,0
26,208,8,2,1,15,25,7,1,0
26,208,8,3,0,20,25,8,0,0
26,208,8,4,0,0,0,0,0,1
27,209,1,1,0,15,20,8,0,0
27,209,1,2,0,25,20,7,0,0
27,209,1,3,1,15,25,6,0,0
27,209,1,4,0,0,0,0,0,1
27,210,2,1,1,20,20,7,0,0
27,210,2,2,0,25,20,6,0,0
27,210,2,3,0,25,25,6,0,0
27,210,2,4,0,0,0,0,0,1
27,211,3,1,0,20,25,7,1,0
27,211,3,2,1,25,25,8,0,0
27,211,3,3,0,25,25,8,1,0
27,211,3,4,0,0,0,0,0,1
27,212,4,1,1,15,20,7,0,0
27,212,4,2,0,20,30,7,1,0
27,212,4,3,0,20,25,8,1,0
27,212,4,4,0,0,0,0,0,1
27,213,5,1,0,15,30,8,1,0
27,213,5,2,1,15,25,6,0,0
27,213,5,3,0,15,25,7,0,0
27,213,5,4,0,0,0,0,0,1
27,214,6,1,0,25,25,7,1,0
27,214,6,2,0,25,30,8,1,0
27,214,6,3,1,15,30,7,0,0
27,214,6,4,0,0,0,0,0,1
27,215,7,1,0,25,25,7,0,0
27,215,7,2,1,15,30,7,0,0
27,215,7,3,0,25,20,6,1,0
27,215,7,4,0,0,0,0,0,1
27,216,8,1,0,25,30,7,0,0
27,216,8,2,1,15,30,8,1,0
27,216,8,3,0,25,20,7,1,0
27,216,8,4,0,0,0,0,0,1
28,217,1,1,0,20,30,7,1,0
28,217,1,2,0,25,20,7,0,0
28,217,1,3,1,20,30,7,0,0
28,217,1,4,0,0,0,0,0,1
28,218,2,1,0,25,30,8,0,0
28,218,2,2,1,15,30,6,0,0
28,218,2,3,0,20,20,6,0,0
28,218,2,4,0,0,0,0,0,1
28,219,3,1,0,20,30,8,1,0
28,219,3,2,1,15,20,8,0,0
28,219,3,3,0,25,25,8,0,0
28,219,3,4,0,0,0,0,0,1
28,220,4,1,1,15,30,7,0,0
28,220,4,2,0,25,30,7,0,0
28,220,4,3,0,15,20,6,0,0
28,220,4,4,0,0,0,0,0,1
28,221,5,1,0,20,25,8,1,0
28,221,5,2,1,15,30,8,0,0
28,221,5,3,0,25,25,7,1,0
28,221,5,4,0,0,0,0,0,1
28,222,6,1,0,25,30,8,1,0
28,222,6,2,1,15,25,8,1,0
28,222,6,3,0,25,25,7,1,0
28,222,6,4,0,0,0,0,0,1
28,223,7,1,0,20,25,6,1,0
28,223,7,2,0,20,20,7,0,0
28,223,7,3,1,15,20,6,0,0
28,223,7,4,0,0,0,0,0,1
28,224,8,1,0,15,30,6,1,0
28,224,8,2,0,25,25,7,1,0
28,224,8,3,0,20,30,7,0,0
28,224,8,4,1,0,0,0,0,1
29,225,1,1,0,20,20,6,0,0
29,225,1,2,1,15,30,6,0,0
29,225,1,3,0,25,25,6,0,0
29,225,1,4,0,0,0,0,0,1
29,226,2,1,0,20,30,8,0,0
29,226,2,2,0,25,25,6,1,0
29,226,2,3,1,15,25,6,1,0
29,226,2,4,0,0,0,0,0,1
29,227,3,1,1,20,20,6,1,0
29,227,3,2,0,25,25,7,1,0
29,227,3,3,0,25,25,6,1,0
29,227,3,4,0,0,0,0,0,1
29,228,4,1,0,15,30,6,1,0
29,228,4,2,1,15,20,7,1,0
29,228,4,3,0,25,25,7,1,0
29,228,4,4,0,0,0,0,0,1
29,229,5,1,0,25,20,7,0,0
29,229,5,2,0,25,25,7,0,0
29,229,5,3,1,15,25,8,0,0
29,229,5,4,0,0,0,0,0,1
29,230,6,1,0,20,30,7,1,0
29,230,6,2,0,25,25,6,0,0
29,230,6,3,0,25,20,6,1,0
29,230,6,4,1,0,0,0,0,1
29,231,7,1,1,15,25,7,0,0
29,231,7,2,0,15,30,6,0,0
29,231,7,3,0,25,20,8,1,0
29,231,7,4,0,0,0,0,0,1
29,232,8,1,0,25,30,6,1,0
29,232,8,2,1,15,25,6,1,0
29,232,8,3,0,20,20,8,1,0
29,232,8,4,0,0,0,0,0,1
30,233,1,1,0,25,25,8,1,0
30,233,1,2,0,25,20,6,1,0
30,233,1,3,1,15,30,8,1,0
30,233,1,4,0,0,0,0,0,1
30,234,2,1,0,25,30,8,0,0
30,234,2,2,0,20,20,6,1,0
30,234,2,3,1,15,20,7,0,0
30,234,2,4,0,0,0,0,0,1
30,235,3,1,0,25,25,6,0,0
30,235,3,2,0,25,25,7,1,0
30,235,3,3,1,15,30,7,1,0
30,235,3,4,0,0,0,0,0,1
30,236,4,1,0,25,25,6,1,0
30,236,4,2,1,20,20,8,0,0
30,236,4,3,0,20,20,7,1,0
30,236,4,4,0,0,0,0,0,1
30,237,5,1,0,25,20,8,1,0
30,237,5,2,1,15,30,7,0,0
30,237,5,3,0,25,25,7,1,0
30,237,5,4,0,0,0,0,0,1
30,238,6,1,0,15,30,6,1,0
30,238,6,2,0,25,30,7,1,0
30,238,6,3,1,15,20,6,0,0
30,238,6,4,0,0,0,0,0,1
30,239,7,1,0,25,25,7,1,0
30,239,7,2,0,25,30,8,1,0
30,239,7,3,1,20,30,6,0,0
30,239,7,4,0,0,0,0,0,1
30,240,8,1,0,15,20,7,0,0
30,240,8,2,1,15,25,6,0,0
30,240,8,3,0,15,30,6,1,0
30,240,8,4,0,0,0,0,0,1
31,241,1,1,0,15,30,7,1,0
31,241,1,2,1,20,25,7,0,0
31,241,1,3,0,15,20,8,1,0
31,241,1,4,0,0,0,0,0,1
31,242,2,1,0,20,30,7,0,0
31,242,2,2,0,25,30,7,0,0
31,242,2,3,1,20,25,7,0,0
31,242,2,4,0,0,0,0,0,1
31,243,3,1,0,15,25,8,0,0
31,243,3,2,0,25,25,7,0,0
31,243,3,3,1,15,30,8,0,0
31,243,3,4,0,0,0,0,0,1
31,244,4,1,0,20,25,8,1,0
31,244,4,2,0,20,25,7,1,0
31,244,4,3,0,25,20,7,0,0
31,244,4,4,1,0,0,0,0,1
31,245,5,1,1,20,30,8,0,0
31,245,5,2,0,25,20,6,1,0
31,245,5,3,0,20,30,7,0,0
31,245,5,4,0,0,0,0,0,1
31,246,6,1,0,20,25,7,1,0
31,246,6,2,0,25,20,8,1,0
31,246,6,3,1,15,30,7,1,0
31,246,6,4,0,0,0,0,0,1
31,247,7,1,0,25,20,8,1,0
31,247,7,2,0,20,30,7,1,0
31,247,7,3,0,20,25,6,1,0
31,247,7,4,1,0,0,0,0,1
31,248,8,1,0,25,30,7,1,0
31,248,8,2,1,15,20,7,1,0
31,248,8,3,0,25,25,8,1,0
31,248,8,4,0,0,0,0,0,1
32,249,1,1,0,20,25,6,1,0
32,249,1,2,0,25,25,8,0,0
32,249,1,3,0,25,30,6,0,0
32,249,1,4,1,0,0,0,0,1
32,250,2,1,1,15,25,8,0,0
32,250,2,2,0,25,20,7,1,0
32,250,2,3,0,20,30,7,1,0
32,250,2,4,0,0,0,0,0,1
32,251,3,1,0,25,25,7,0,0
32,251,3,2,0,25,30,8,0,0
32,251,3,3,0,25,25,8,1,0
32,251,3,4,1,0,0,0,0,1
32,252,4,1,0,25,25,6,0,0
32,252,4,2,1,20,20,8,0,0
32,252,4,3,0,25,20,7,1,0
32,252,4,4,0,0,0,0,0,1
32,253,5,1,0,20,20,8,1,0
32,253,5,2,1,20,25,8,0,0
32,253,5,3,0,15,30,8,1,0
32,253,5,4,0,0,0,0,0,1
32,254,6,1,0,20,30,7,1,0
32,254,6,2,0,25,25,7,1,0
32,254,6,3,1,20,25,6,0,0
32,254,6,4,0,0,0,0,0,1
32,255,7,1,0,25,25,6,0,0
32,255,7,2,1,15,30,8,0,0
32,255,7,3,0,25,30,7,1,0
32,255,7,4,0,0,0,0,0,1
32,256,8,1,1,20,25,6,0,0
32,256,8,2,0,25,25,7,0,0
32,256,8,3,0,20,20,6,1,0
32,256,8,4,0,0,0,0,0,1
33,257,1,1,1,15,30,6,0,0
33,257,1,2,0,25,30,7,0,0
33,257,1,3,0,20,30,6,0,0
33,257,1,4,0,0,0,0,0,1
33,258,2,1,0,20,20,7,1,0
33,258,2,2,1,15,25,8,1,0
33,258,2,3,0,20,25,7,0,0
33,258,2,4,0,0,0,0,0,1
33,259,3,1,0,15,20,6,0,0
33,259,3,2,0,25,25,7,0,0
33,259,3,3,1,20,30,6,0,0
33,259,3,4,0,0,0,0,0,1
33,260,4,1,1,15,25,8,0,0
33,260,4,2,0,15,20,8,0,0
33,260,4,3,0,20,30,8,0,0
33,260,4,4,0,0,0,0,0,1
33,261,5,1,0,20,30,8,1,0
33,261,5,2,0,15,20,8,1,0
33,261,5,3,1,15,25,6,0,0
33,261,5,4,0,0,0,0,0,1
33,262,6,1,1,15,30,7,0,0
33,262,6,2,0,15,25,6,1,0
33,262,6,3,0,20,20,7,1,0
33,262,6,4,0,0,0,0,0,1
33,263,7,1,0,25,30,6,0,0
33,263,7,2,0,25,20,6,0,0
33,263,7,3,1,15,25,8,0,0
33,263,7,4,0,0,0,0,0,1
33,264,8,1,0,20,30,6,0,0
33,264,8,2,1,20,25,8,0,0
33,264,8,3,0,15,20,8,1,0
33,264,8,4,0,0,0,0,0,1
34,265,1,1,0,25,30,7,0,0
34,265,1,2,1,15,25,8,0,0
34,265,1,3,0,25,25,7,0,0
34,265,1,4,0,0,0,0,0,1
34,266,2,1,1,15,30,7,1,0
34,266,2,2,0,25,25,8,0,0
34,266,2,3,0,20,30,7,1,0
34,266,2,4,0,0,0,0,0,1
34,267,3,1,0,20,20,6,0,0
34,267,3,2,1,20,25,6,0,0
34,267,3,3,0,25,20,7,0,0
34,267,3,4,0,0,0,0,0,1
34,268,4,1,0,15,30,7,0,0
34,268,4,2,1,15,30,6,0,0
34,268,4,3,0,25,20,7,0,0
34,268,4,4,0,0,0,0,0,1
34,269,5,1,1,15,30,8,0,0
34,269,5,2,0,20,20,6,0,0
34,269,5,3,0,15,20,7,1,0
34,269,5,4,0,0,0,0,0,1
34,270,6,1,1,15,20,7,0,0
34,270,6,2,0,15,30,7,1,0
34,270,6,3,0,15,25,6,1,0
34,270,6,4,0,0,0,0,0,1
34,271,7,1,1,15,25,7,0,0
34,271,7,2,0,25,30,8,1,0
34,271,7,3,0,15,20,8,0,0
34,271,7,4,0,0,0,0,0,1
34,272,8,1,0,20,20,8,0,0
34,272,8,2,0,15,25,7,1,0
34,272,8,3,1,15,30,7,0,0
34,272,8,4,0,0,0,0,0,1
35,273,1,1,1,25,25,6,0,0
35,273,1,2,0,25,20,6,0,0
35,273,1,3,0,20,30,6,1,0
35,273,1,4,0,0,0,0,0,1
35,274,2,1,0,25,30,6,1,0
35,274,2,2,0,20,30,6,1,0
35,274,2,3,0,20,25,7,1,0
35,274,2,4,1,0,0,0,0,1
35,275,3,1,0,20,20,7,1,0
35,275,3,2,0,25,20,8,1,0
35,275,3,3,0,15,30,8,1,0
35,275,3,4,1,0,0,0,0,1
35,276,4,1,0,20,20,7,0,0
35,276,4,2,0,20,20,8,0,0
35,276,4,3,0,25,20,7,0,0
35,276,4,4,1,0,0,0,0,1
35,277,5,1,0,25,30,6,1,0
35,277,5,2,0,20,20,8,1,0
35,277,5,3,1,20,20,8,0,0
35,277,5,4,0,0,0,0,0,1
35,278,6,1,0,15,25,7,1,0
35,278,6,2,1,15,25,6,1,0
35,278,6,3,0,25,30,6,1,0
35,278,6,4,0,0,0,0,0,1
35,279,7,1,0,15,30,8,1,0
35,279,7,2,0,25,20,8,0,0
35,279,7,3,0,25,30,7,1,0
35,279,7,4,1,0,0,0,0,1
35,280,8,1,0,25,25,6,1,0
35,280,8,2,0,20,20,6,1,0
35,280,8,3,0,20,30,8,1,0
35,280,8,4,1,0,0,0,0,1
36,281,1,1,1,15,30,7,0,0
36,281,1,2,0,25,30,8,1,0
36,281,1,3,0,20,20,7,0,0
36,281,1,4,0,0,0,0,0,1
36,282,2,1,1,15,30,8,0,0
36,282,2,2,0,15,30,6,1,0
36,282,2,3,0,25,30,6,1,0
36,282,2,4,0,0,0,0,0,1
36,283,3,1,0,25,20,7,1,0
36,283,3,2,0,20,30,6,1,0
36,283,3,3,1,20,25,8,0,0
36,283,3,4,0,0,0,0,0,1
36,284,4,1,0,25,25,6,0,0
36,284,4,2,0,20,20,7,1,0
36,284,4,3,1,15,25,8,0,0
36,284,4,4,0,0,0,0,0,1
36,285,5,1,0,15,25,8,1,0
36,285,5,2,1,15,20,6,0,0
36,285,5,3,0,25,25,6,1,0
36,285,5,4,0,0,0,0,0,1
36,286,6,1,0,25,25,8,0,0
36,286,6,2,1,15,20,6,0,0
36,286,6,3,0,20,25,8,1,0
36,286,6,4,0,0,0,0,0,1
36,287,7,1,1,15,20,7,0,0
36,287,7,2,0,25,30,8,1,0
36,287,7,3,0,15,30,7,0,0
36,287,7,4,0,0,0,0,0,1
36,288,8,1,1,20,20,8,0,0
36,288,8,2,0,20,25,8,1,0
36,288,8,3,0,25,25,7,0,0
36,288,8,4,0,0,0,0,0,1
37,289,1,1,0,25,25,6,1,0
37,289,1,2,1,15,25,7,1,0
37,289,1,3,0,20,30,7,1,0
37,289,1,4,0,0,0,0,0,1
37,290,2,1,0,25,25,8,1,0
37,290,2,2,0,20,25,8,1,0
37,290,2,3,1,25,25,8,0,0
37,290,2,4,0,0,0,0,0,1
37,291,3,1,0,25,20,8,0,0
37,291,3,2,1,15,20,7,1,0
37,291,3,3,0,20,20,7,1,0
37,291,3,4,0,0,0,0,0,1
37,292,4,1,0,15,20,8,0,0
37,292,4,2,1,20,30,6,0,0
37,292,4,3,0,25,30,6,1,0
37,292,4,4,0,0,0,0,0,1
37,293,5,1,0,15,25,6,1,0
37,293,5,2,1,20,25,8,0,0
37,293,5,3,0,25,20,7,1,0
37,293,5,4,0,0,0,0,0,1
37,294,6,1,0,20,20,8,0,0
37,294,6,2,1,20,25,6,0,0
37,294,6,3,0,15,25,6,1,0
37,294,6,4,0,0,0,0,0,1
37,295,7,1,0,20,30,8,0,0
37,295,7,2,1,15,30,7,1,0
37,295,7,3,0,15,25,6,1,0
37,295,7,4,0,0,0,0,0,1
37,296,8,1,1,15,30,7,0,0
37,296,8,2,0,25,30,6,1,0
37,296,8,3,0,20,30,8,1,0
37,296,8,4,0,0,0,0,0,1
38,297,1,1,1,15,20,8,0,0
38,297,1,2,0,25,25,6,0,0
38,297,1,3,0,15,25,7,1,0
38,297,1,4,0,0,0,0,0,1
38,298,2,1,0,20,20,7,0,0
38,298,2,2,0,25,30,6,0,0
38,298,2,3,1,20,30,8,0,0
38,298,2,4,0,0,0,0,0,1
38,299,3,1,1,15,30,8,0,0
38,299,3,2,0,25,20,6,0,0
38,299,3,3,0,15,25,6,1,0
38,299,3,4,0,0,0,0,0,1
38,300,4,1,0,15,25,7,1,0
38,300,4,2,1,15,30,6,0,0
38,300,4,3,0,20,30,8,1,0
38,300,4,4,0,0,0,0,0,1
38,301,5,1,0,20,30,7,0,0
38,301,5,2,1,20,25,8,0,0
38,301,5,3,0,25,30,6,1,0
38,301,5,4,0,0,0,0,0,1
38,302,6,1,1,20,20,6,0,0
38,302,6,2,0,25,20,6,1,0
38,302,6,3,0,20,25,8,0,0
38,302,6,4,0,0,0,0,0,1
38,303,7,1,1,20,30,6,0,0
38,303,7,2,0,25,30,6,1,0
38,303,7,3,0,25,20,8,0,0
38,303,7,4,0,0,0,0,0,1
38,304,8,1,1,15,30,8,0,0
38,304,8,2,0,20,30,6,1,0
38,304,8,3,0,25,25,6,0,0
38,304,8,4,0,0,0,0,0,1
39,305,1,1,0,20,25,6,1,0
39,305,1,2,1,15,25,8,0,0
39,305,1,3,0,20,20,8,0,0
39,305,1,4,0,0,0,0,0,1
39,306,2,1,0,15,20,7,1,0
39,306,2,2,0,20,20,7,0,0
39,306,2,3,1,15,30,6,0,0
39,306,2,4,0,0,0,0,0,1
39,307,3,1,0,20,30,8,0,0
39,307,3,2,0,15,20,6,0,0
39,307,3,3,1,15,30,8,0,0
39,307,3,4,0,0,0,0,0,1
39,308,4,1,1,15,30,8,0,0
39,308,4,2,0,20,20,8,0,0
39,308,4,3,0,20,20,7,0,0
39,308,4,4,0,0,0,0,0,1
39,309,5,1,0,20,25,8,1,0
39,309,5,2,1,15,30,8,1,0
39,309,5,3,0,25,30,8,1,0
39,309,5,4,0,0,0,0,0,1
39,310,6,1,1,15,20,8,1,0
39,310,6,2,0,25,25,6,1,0
39,310,6,3,0,15,20,6,1,0
39,310,6,4,0,0,0,0,0,1
39,311,7,1,0,25,25,6,0,0
39,311,7,2,0,20,30,7,1,0
39,311,7,3,1,15,20,7,1,0
39,311,7,4,0,0,0,0,0,1
39,312,8,1,0,25,30,8,1,0
39,312,8,2,0,15,30,8,0,0
39,312,8,3,1,15,25,6,0,0
39,312,8,4,0,0,0,0,0,1
40,313,1,1,0,20,25,8,1,0
40,313,1,2,0,20,20,6,1,0
40,313,1,3,1,25,30,8,0,0
40,313,1,4,0,0,0,0,0,1
40,314,2,1,0,20,30,6,0,0
40,314,2,2,0,25,20,6,0,0
40,314,2,3,1,15,20,7,0,0
40,314,2,4,0,0,0,0,0,1
40,315,3,1,1,15,20,7,0,0
40,315,3,2,0,20,25,7,0,0
40,315,3,3,0,15,25,6,1,0
40,315,3,4,0,0,0,0,0,1
40,316,4,1,0,20,25,8,1,0
40,316,4,2,0,25,30,6,1,0
40,316,4,3,1,25,30,7,0,0
40,316,4,4,0,0,0,0,0,1
40,317,5,1,1,15,20,7,0,0
40,317,5,2,0,20,30,7,1,0
40,317,5,3,0,25,30,6,1,0
40,317,5,4,0,0,0,0,0,1
40,318,6,1,0,25,30,7,1,0
40,318,6,2,0,25,25,7,0,0
40,318,6,3,0,20,25,6,1,0
40,318,6,4,1,0,0,0,0,1
40,319,7,1,1,20,30,7,0,0
40,319,7,2,0,25,30,6,1,0
40,319,7,3,0,15,20,6,1,0
40,319,7,4,0,0,0,0,0,1
40,320,8,1,0,20,25,8,1,0
40,320,8,2,0,25,25,6,0,0
40,320,8,3,0,25,25,8,1,0
40,320,8,4,1,0,0,0,0,1
41,321,1,1,1,15,20,7,1,0
41,321,1,2,0,25,25,8,1,0
41,321,1,3,0,25,25,8,0,0
41,321,1,4,0,0,0,0,0,1
41,322,2,1,0,20,25,8,0,0
41,322,2,2,1,15,25,6,0,0
41,322,2,3,0,15,25,8,0,0
41,322,2,4,0,0,0,0,0,1
41,323,3,1,1,15,20,6,0,0
41,323,3,2,0,20,30,6,1,0
41,323,3,3,0,25,30,8,0,0
41,323,3,4,0,0,0,0,0,1
41,324,4,1,0,20,20,6,1,0
41,324,4,2,1,15,25,8,1,0
41,324,4,3,0,25,20,6,0,0
41,324,4,4,0,0,0,0,0,1
41,325,5,1,0,25,20,8,0,0
41,325,5,2,1,15,25,7,0,0
41,325,5,3,0,15,25,8,1,0
41,325,5,4,0,0,0,0,0,1
41,326,6,1,0,25,20,8,0,0
41,326,6,2,1,20,30,7,0,0
41,326,6,3,0,20,20,6,0,0
41,326,6,4,0,0,0,0,0,1
41,327,7,1,0,15,25,8,1,0
41,327,7,2,0,25,30,6,1,0
41,327,7,3,0,25,20,8,0,0
41,327,7,4,1,0,0,0,0,1
41,328,8,1,0,15,30,8,1,0
41,328,8,2,1,15,25,8,0,0
41,328,8,3,0,25,30,8,1,0
41,328,8,4,0,0,0,0,0,1
42,329,1,1,0,25,25,8,1,0
42,329,1,2,0,25,25,7,0,0
42,329,1,3,1,20,30,7,0,0
42,329,1,4,0,0,0,0,0,1
42,330,2,1,0,25,30,8,1,0
42,330,2,2,1,25,25,7,0,0
42,330,2,3,0,20,30,8,1,0
42,330,2,4,0,0,0,0,0,1
42,331,3,1,0,20,25,8,0,0
42,331,3,2,0,20,25,6,1,0
42,331,3,3,1,20,30,7,0,0
42,331,3,4,0,0,0,0,0,1
42,332,4,1,0,15,25,6,0,0
42,332,4,2,0,20,25,6,1,0
42,332,4,3,1,20,25,6,0,0
42,332,4,4,0,0,0,0,0,1
42,333,5,1,0,20,30,6,1,0
42,333,5,2,0,20,30,8,1,0
42,333,5,3,1,15,20,7,1,0
42,333,5,4,0,0,0,0,0,1
42,334,6,1,1,15,30,8,0,0
42,334,6,2,0,20,20,7,0,0
42,334,6,3,0,25,25,6,0,0
42,334,6,4,0,0,0,0,0,1
42,335,7,1,0,25,20,7,1,0
42,335,7,2,1,15,25,7,0,0
42,335,7,3,0,25,25,6,1,0
42,335,7,4,0,0,0,0,0,1
42,336,8,1,1,15,20,6,0,0
42,336,8,2,0,15,25,8,1,0
42,336,8,3,0,15,25,8,0,0
42,336,8,4,0,0,0,0,0,1
43,337,1,1,0,20,25,7,1,0
43,337,1,2,1,15,20,6,0,0
43,337,1,3,0,25,25,6,1,0
43,337,1,4,0,0,0,0,0,1
43,338,2,1,0,15,20,8,1,0
43,338,2,2,0,20,30,8,1,0
43,338,2,3,0,20,30,6,1,0
43,338,2,4,1,0,0,0,0,1
43,339,3,1,1,15,30,6,1,0
43,339,3,2,0,25,20,8,0,0
43,339,3,3,0,25,30,6,1,0
43,339,3,4,0,0,0,0,0,1
43,340,4,1,0,25,30,6,1,0
43,340,4,2,0,25,25,6,1,0
43,340,4,3,0,25,20,7,1,0
43,340,4,4,1,0,0,0,0,1
43,341,5,1,0,20,20,7,1,0
43,341,5,2,0,25,20,6,0,0
43,341,5,3,0,25,30,8,0,0
43,341,5,4,1,0,0,0,0,1
43,342,6,1,1,20,25,6,0,0
43,342,6,2,0,15,30,8,1,0
43,342,6,3,0,15,20,8,0,0
43,342,6,4,0,0,0,0,0,1
43,343,7,1,0,20,30,8,1,0
43,343,7,2,1,15,20,7,0,0
43,343,7,3,0,20,25,7,1,0
43,343,7,4,0,0,0,0,0,1
43,344,8,1,1,15,20,8,0,0
43,344,8,2,0,15,30,6,0,0
43,344,8,3,0,20,30,7,1,0
43,344,8,4,0,0,0,0,0,1
44,345,1,1,0,25,25,7,0,0
44,345,1,2,0,25,20,8,1,0
44,345,1,3,0,20,30,6,1,0
44,345,1,4,1,0,0,0,0,1
44,346,2,1,0,20,25,6,0,0
44,346,2,2,0,25,20,8,1,0
44,346,2,3,1,15,20,7,0,0
44,346,2,4,0,0,0,0,0,1
44,347,3,1,0,20,25,8,1,0
44,347,3,2,1,15,25,6,0,0
44,347,3,3,0,25,30,8,1,0
44,347,3,4,0,0,0,0,0,1
44,348,4,1,0,15,25,7,1,0
44,348,4,2,0,20,20,8,1,0
44,348,4,3,1,15,30,8,1,0
44,348,4,4,0,0,0,0,0,1
44,349,5,1,0,25,20,7,0,0
44,349,5,2,0,25,25,8,1,0
44,349,5,3,0,20,20,6,1,0
44,349,5,4,1,0,0,0,0,1
44,350,6,1,1,20,30,8,0,0
44,350,6,2,0,20,30,8,1,0
44,350,6,3,0,25,30,7,0,0
44,350,6,4,0,0,0,0,0,1
44,351,7,1,1,15,30,7,0,0
44,351,7,2,0,25,25,7,1,0
44,351,7,3,0,25,25,8,1,0
44,351,7,4,0,0,0,0,0,1
44,352,8,1,1,20,30,7,1,0
44,352,8,2,0,25,20,8,1,0
44,352,8,3,0,15,25,7,1,0
44,352,8,4,0,0,0,0,0,1
45,353,1,1,0,25,30,8,1,0
45,353,1,2,0,15,20,8,1,0
45,353,1,3,0,25,30,7,1,0
45,353,1,4,1,0,0,0,0,1
45,354,2,1,0,20,30,8,1,0
45,354,2,2,0,20,25,6,1,0
45,354,2,3,1,20,30,6,0,0
45,354,2,4,0,0,0,0,0,1
45,355,3,1,0,20,20,6,0,0
45,355,3,2,1,20,20,7,0,0
45,355,3,3,0,20,30,7,0,0
45,355,3,4,0,0,0,0,0,1
45,356,4,1,0,20,25,6,1,0
45,356,4,2,0,25,25,7,1,0
45,356,4,3,1,15,20,7,1,0
45,356,4,4,0,0,0,0,0,1
45,357,5,1,0,20,20,8,1,0
45,357,5,2,1,15,25,6,0,0
45,357,5,3,0,15,20,6,0,0
45,357,5,4,0,0,0,0,0,1
45,358,6,1,0,15,25,7,1,0
45,358,6,2,1,15,30,6,1,0
45,358,6,3,0,20,30,6,1,0
45,358,6,4,0,0,0,0,0,1
45,359,7,1,0,25,25,7,1,0
45,359,7,2,1,15,20,6,0,0
45,359,7,3,0,15,30,8,1,0
45,359,7,4,0,0,0,0,0,1
45,360,8,1,1,20,20,8,0,0
45,360,8,2,0,25,30,8,0,0
45,360,8,3,0,25,25,7,0,0
45,360,8,4,0,0,0,0,0,1
46,361,1,1,0,20,25,8,1,0
46,361,1,2,0,25,25,6,1,0
46,361,1,3,0,25,30,8,0,0
46,361,1,4,1,0,0,0,0,1
46,362,2,1,0,25,25,8,0,0
46,362,2,2,0,25,20,6,0,0
46,362,2,3,1,20,30,7,0,0
46,362,2,4,0,0,0,0,0,1
46,363,3,1,1,15,30,8,0,0
46,363,3,2,0,15,20,7,1,0
46,363,3,3,0,20,20,6,1,0
46,363,3,4,0,0,0,0,0,1
46,364,4,1,0,25,25,6,1,0
46,364,4,2,0,15,30,6,1,0
46,364,4,3,0,15,20,7,1,0
46,364,4,4,1,0,0,0,0,1
46,365,5,1,1,15,30,6,0,0
46,365,5,2,0,25,25,8,0,0
46,365,5,3,0,15,30,8,0,0
46,365,5,4,0,0,0,0,0,1
46,366,6,1,0,25,25,7,1,0
46,366,6,2,1,15,25,7,1,0
46,366,6,3,0,25,20,8,0,0
46,366,6,4,0,0,0,0,0,1
46,367,7,1,0,25,20,6,1,0
46,367,7,2,0,25,30,7,1,0
46,367,7,3,0,20,25,6,1,0
46,367,7,4,1,0,0,0,0,1
46,368,8,1,0,20,20,6,0,0
46,368,8,2,1,15,30,6,0,0
46,368,8,3,0,25,20,8,0,0
46,368,8,4,0,0,0,0,0,1
47,369,1,1,1,15,30,8,0,0
47,369,1,2,0,20,30,7,0,0
47,369,1,3,0,25,20,6,0,0
47,369,1,4,0,0,0,0,0,1
47,370,2,1,0,25,25,6,1,0
47,370,2,2,0,20,30,6,1,0
47,370,2,3,0,25,20,8,1,0
47,370,2,4,1,0,0,0,0,1
47,371,3,1,0,20,20,7,0,0
47,371,3,2,1,20,25,7,0,0
47,371,3,3,0,25,20,6,0,0
47,371,3,4,0,0,0,0,0,1
47,372,4,1,1,15,25,8,0,0
47,372,4,2,0,20,25,7,1,0
47,372,4,3,0,15,25,8,1,0
47,372,4,4,0,0,0,0,0,1
47,373,5,1,0,20,25,6,0,0
47,373,5,2,0,20,30,8,1,0
47,373,5,3,1,20,30,7,0,0
47,373,5,4,0,0,0,0,0,1
47,374,6,1,0,20,30,7,1,0
47,374,6,2,0,20,25,7,1,0
47,374,6,3,0,25,30,8,0,0
47,374,6,4,1,0,0,0,0,1
47,375,7,1,0,15,25,7,1,0
47,375,7,2,0,20,30,6,1,0
47,375,7,3,1,15,30,6,0,0
47,375,7,4,0,0,0,0,0,1
47,376,8,1,0,25,20,8,1,0
47,376,8,2,1,15,20,7,0,0
47,376,8,3,0,15,25,6,1,0
47,376,8,4,0,0,0,0,0,1
48,377,1,1,0,20,25,7,0,0
48,377,1,2,1,15,20,6,1,0
48,377,1,3,0,15,30,7,1,0
48,377,1,4,0,0,0,0,0,1
48,378,2,1,0,25,30,6,1,0
48,378,2,2,0,20,25,8,1,0
48,378,2,3,1,15,30,8,1,0
48,378,2,4,0,0,0,0,0,1
48,379,3,1,0,20,25,8,1,0
48,379,3,2,0,15,25,6,1,0
48,379,3,3,1,20,20,6,0,0
48,379,3,4,0,0,0,0,0,1
48,380,4,1,0,15,20,6,1,0
48,380,4,2,1,15,30,8,0,0
48,380,4,3,0,25,30,8,1,0
48,380,4,4,0,0,0,0,0,1
48,381,5,1,0,20,25,6,1,0
48,381,5,2,0,15,25,8,1,0
48,381,5,3,1,20,30,6,0,0
48,381,5,4,0,0,0,0,0,1
48,382,6,1,0,20,20,7,1,0
48,382,6,2,1,15,30,8,1,0
48,382,6,3,0,20,25,6,0,0
48,382,6,4,0,0,0,0,0,1
48,383,7,1,0,20,20,8,0,0
48,383,7,2,1,20,30,8,0,0
48,383,7,3,0,25,25,6,1,0
48,383,7,4,0,0,0,0,0,1
48,384,8,1,0,25,30,7,1,0
48,384,8,2,0,25,30,7,0,0
48,384,8,3,0,20,25,7,1,0
48,384,8,4,1,0,0,0,0,1
49,385,1,1,0,15,25,6,1,0
49,385,1,2,1,15,30,6,0,0
49,385,1,3,0,20,25,7,1,0
49,385,1,4,0,0,0,0,0,1
49,386,2,1,0,20,30,7,1,0
49,386,2,2,0,25,25,8,1,0
49,386,2,3,0,20,30,6,1,0
49,386,2,4,1,0,0,0,0,1
49,387,3,1,0,25,20,7,0,0
49,387,3,2,0,25,25,6,1,0
49,387,3,3,1,20,25,8,0,0
49,387,3,4,0,0,0,0,0,1
49,388,4,1,0,15,30,7,1,0
49,388,4,2,1,15,20,7,1,0
49,388,4,3,0,25,30,8,1,0
49,388,4,4,0,0,0,0,0,1
49,389,5,1,0,25,20,6,0,0
49,389,5,2,1,15,25,8,1,0
49,389,5,3,0,25,30,8,1,0
49,389,5,4,0,0,0,0,0,1
49,390,6,1,1,15,20,6,0,0
49,390,6,2,0,15,30,8,1,0
49,390,6,3,0,25,25,8,1,0
49,390,6,4,0,0,0,0,0,1
49,391,7,1,0,25,20,8,0,0
49,391,7,2,0,25,30,7,0,0
49,391,7,3,0,20,30,6,1,0
49,391,7,4,1,0,0,0,0,1
49,392,8,1,0,25,30,7,1,0
49,392,8,2,0,25,25,7,0,0
49,392,8,3,1,15,30,6,0,0
49,392,8,4,0,0,0,0,0,1
50,393,1,1,0,20,30,6,1,0
50,393,1,2,0,20,20,8,0,0
50,393,1,3,0,25,20,8,0,0
50,393,1,4,1,0,0,0,0,1
50,394,2,1,1,15,25,6,0,0
50,394,2,2,0,15,20,7,1,0
50,394,2,3,0,20,20,6,0,0
50,394,2,4,0,0,0,0,0,1
50,395,3,1,0,25,30,8,1,0
50,395,3,2,1,25,30,8,0,0
50,395,3,3,0,25,30,6,0,0
50,395,3,4,0,0,0,0,0,1
50,396,4,1,0,20,20,6,1,0
50,396,4,2,1,20,20,6,0,0
50,396,4,3,0,25,20,7,1,0
50,396,4,4,0,0,0,0,0,1
50,397,5,1,0,20,20,6,0,0
50,397,5,2,0,20,30,8,0,0
50,397,5,3,1,20,30,7,0,0
50,397,5,4,0,0,0,0,0,1
50,398,6,1,0,15,20,7,1,0
50,398,6,2,0,20,25,7,1,0
50,398,6,3,1,15,30,6,1,0
50,398,6,4,0,0,0,0,0,1
50,399,7,1,0,15,30,6,0,0
50,399,7,2,1,20,25,8,0,0
50,399,7,3,0,25,25,7,0,0
50,399,7,4,0,0,0,0,0,1
50,400,8,1,0,25,20,7,1,0
50,400,8,2,1,15,30,7,0,0
50,400,8,3,0,15,20,6,1,0
50,400,8,4,0,0,0,0,0,1
51,401,1,1,1,15,25,8,0,0
51,401,1,2,0,15,30,6,1,0
51,401,1,3,0,25,25,8,1,0
51,401,1,4,0,0,0,0,0,1
51,402,2,1,0,20,20,6,1,0
51,402,2,2,1,20,20,7,0,0
51,402,2,3,0,20,25,8,0,0
51,402,2,4,0,0,0,0,0,1
51,403,3,1,1,15,25,7,0,0
51,403,3,2,0,15,30,8,1,0
51,403,3,3,0,15,30,6,1,0
51,403,3,4,0,0,0,0,0,1
51,404,4,1,0,20,25,7,1,0
51,404,4,2,1,15,25,7,0,0
51,404,4,3,0,25,25,6,0,0
51,404,4,4,0,0,0,0,0,1
51,405,5,1,0,20,20,8,0,0
51,405,5,2,0,25,25,6,1,0
51,405,5,3,1,15,20,6,1,0
51,405,5,4,0,0,0,0,0,1
51,406,6,1,0,20,20,8,1,0
51,406,6,2,0,15,25,7,1,0
51,406,6,3,1,20,30,8,0,0
51,406,6,4,0,0,0,0,0,1
51,407,7,1,0,25,20,8,0,0
51,407,7,2,0,25,25,8,1,0
51,407,7,3,0,20,20,6,1,0
51,407,7,4,1,0,0,0,0,1
51,408,8,1,0,25,25,7,1,0
51,408,8,2,0,25,25,8,0,0
51,408,8,3,0,15,20,6,1,0
51,408,8,4,1,0,0,0,0,1
52,409,1,1,1,15,30,7,1,0
52,409,1,2,0,20,20,8,1,0
52,409,1,3,0,25,20,7,1,0
52,409,1,4,0,0,0,0,0,1
52,410,2,1,0,25,25,7,1,0
52,410,2,2,1,15,25,7,1,0
52,410,2,3,0,20,20,7,1,0
52,410,2,4,0,0,0,0,0,1
52,411,3,1,0,20,20,7,1,0
52,411,3,2,0,20,25,7,1,0
52,411,3,3,1,15,30,8,0,0
52,411,3,4,0,0,0,0,0,1
52,412,4,1,0,25,25,8,1,0
52,412,4,2,1,15,30,7,0,0
52,412,4,3,0,25,30,7,0,0
52,412,4,4,0,0,0,0,0,1
52,413,5,1,1,15,20,6,1,0
52,413,5,2,0,25,20,8,0,0
52,413,5,3,0,20,20,6,1,0
52,413,5,4,0,0,0,0,0,1
52,414,6,1,1,15,25,7,0,0
52,414,6,2,0,20,30,7,0,0
52,414,6,3,0,15,30,6,1,0
52,414,6,4,0,0,0,0,0,1
52,415,7,1,1,15,25,8,0,0
52,415,7,2,0,25,20,8,0,0
52,415,7,3,0,25,30,8,0,0
52,415,7,4,0,0,0,0,0,1
52,416,8,1,0,20,25,8,1,0
52,416,8,2,0,25,20,7,1,0
52,416,8,3,1,15,30,8,0,0
52,416,8,4,0,0,0,0,0,1
53,417,1,1,0,15,20,6,1,0
53,417,1,2,1,20,20,7,0,0
53,417,1,3,0,20,30,8,0,0
53,417,1,4,0,0,0,0,0,1
53,418,2,1,0,25,20,7,1,0
53,418,2,2,0,20,25,7,1,0
53,418,2,3,1,15,30,7,1,0
53,418,2,4,0,0,0,0,0,1
53,419,3,1,0,15,20,8,0,0
53,419,3,2,0,25,25,6,1,0
53,419,3,3,1,15,30,8,0,0
53,419,3,4,0,0,0,0,0,1
53,420,4,1,0,25,25,8,1,0
53,420,4,2,1,15,25,7,1,0
53,420,4,3,0,15,20,6,1,0
53,420,4,4,0,0,0,0,0,1
53,421,5,1,0,20,30,6,1,0
53,421,5,2,0,15,25,8,1,0
53,421,5,3,0,20,30,7,1,0
53,421,5,4,1,0,0,0,0,1
53,422,6,1,0,15,20,8,0,0
53,422,6,2,0,15,20,7,1,0
53,422,6,3,1,25,20,7,0,0
53,422,6,4,0,0,0,0,0,1
53,423,7,1,1,15,25,6,0,0
53,423,7,2,0,25,20,6,1,0
53,423,7,3,0,15,20,6,1,0
53,423,7,4,0,0,0,0,0,1
53,424,8,1,1,20,25,6,0,0
53,424,8,2,0,25,20,8,0,0
53,424,8,3,0,25,20,7,1,0
53,424,8,4,0,0,0,0,0,1
54,425,1,1,1,15,30,8,0,0
54,425,1,2,0,20,20,6,0,0
54,425,1,3,0,20,20,7,0,0
54,425,1,4,0,0,0,0,0,1
54,426,2,1,0,20,25,6,1,0
54,426,2,2,1,20,25,7,0,0
54,426,2,3,0,15,25,7,1,0
54,426,2,4,0,0,0,0,0,1
54,427,3,1,0,25,25,7,1,0
54,427,3,2,0,25,25,8,0,0
54,427,3,3,0,25,30,6,1,0
54,427,3,4,1,0,0,0,0,1
54,428,4,1,0,15,20,6,1,0
54,428,4,2,0,20,30,7,1,0
54,428,4,3,1,15,30,6,1,0
54,428,4,4,0,0,0,0,0,1
54,429,5,1,0,25,20,8,1,0
54,429,5,2,0,15,20,8,1,0
54,429,5,3,0,25,25,8,1,0
54,429,5,4,1,0,0,0,0,1
54,430,6,1,1,20,25,8,1,0
54,430,6,2,0,25,30,7,1,0
54,430,6,3,0,25,20,6,1,0
54,430,6,4,0,0,0,0,0,1
54,431,7,1,1,20,25,6,0,0
54,431,7,2,0,20,25,8,0,0
54,431,7,3,0,20,20,7,1,0
54,431,7,4,0,0,0,0,0,1
54,432,8,1,0,15,25,7,0,0
54,432,8,2,1,15,30,7,0,0
54,432,8,3,0,25,30,6,1,0
54,432,8,4,0,0,0,0,0,1
55,433,1,1,1,20,20,8,0,0
55,433,1,2,0,25,25,6,1,0
55,433,1,3,0,15,20,8,1,0
55,433,1,4,0,0,0,0,0,1
55,434,2,1,0,15,25,8,1,0
55,434,2,2,0,25,30,6,0,0
55,434,2,3,0,20,20,6,1,0
55,434,2,4,1,0,0,0,0,1
55,435,3,1,0,25,20,8,0,0
55,435,3,2,1,25,20,6,0,0
55,435,3,3,0,25,20,7,1,0
55,435,3,4,0,0,0,0,0,1
55,436,4,1,1,15,25,7,1,0
55,436,4,2,0,15,30,7,0,0
55,436,4,3,0,20,30,7,1,0
55,436,4,4,0,0,0,0,0,1
55,437,5,1,0,25,30,7,1,0
55,437,5,2,0,25,25,8,0,0
55,437,5,3,0,25,30,8,1,0
55,437,5,4,1,0,0,0,0,1
55,438,6,1,0,15,20,6,1,0
55,438,6,2,1,15,25,7,0,0
55,438,6,3,0,20,20,7,0,0
55,438,6,4,0,0,0,0,0,1
55,439,7,1,0,25,30,6,1,0
55,439,7,2,0,15,25,8,1,0
55,439,7,3,1,15,20,8,1,0
55,439,7,4,0,0,0,0,0,1
55,440,8,1,0,25,20,6,1,0
55,440,8,2,0,15,30,6,1,0
55,440,8,3,1,20,25,7,0,0
55,440,8,4,0,0,0,0,0,1
56,441,1,1,0,15,20,7,1,0
56,441,1,2,0,25,30,8,1,0
56,441,1,3,1,15,20,7,0,0
56,441,1,4,0,0,0,0,0,1
56,442,2,1,1,15,20,6,1,0
56,442,2,2,0,20,30,7,0,0
56,442,2,3,0,20,20,8,0,0
56,442,2,4,0,0,0,0,0,1
56,443,3,1,0,20,25,7,1,0
56,443,3,2,0,20,20,8,1,0
56,443,3,3,1,15,30,8,1,0
56,443,3,4,0,0,0,0,0,1
56,444,4,1,0,25,20,8,1,0
56,444,4,2,0,20,20,7,0,0
56,444,4,3,0,25,20,6,1,0
56,444,4,4,1,0,0,0,0,1
56,445,5,1,1,15,25,8,0,0
56,445,5,2,0,15,20,7,1,0
56,445,5,3,0,20,30,8,1,0
56,445,5,4,0,0,0,0,0,1
56,446,6,1,0,25,30,8,0,0
56,446,6,2,1,15,20,7,1,0
56,446,6,3,0,25,20,8,1,0
56,446,6,4,0,0,0,0,0,1
56,447,7,1,0,15,20,7,0,0
56,447,7,2,0,20,30,8,0,0
56,447,7,3,0,25,30,7,1,0
56,447,7,4,1,0,0,0,0,1
56,448,8,1,0,15,25,8,1,0
56,448,8,2,1,20,25,6,0,0
56,448,8,3,0,25,30,8,1,0
56,448,8,4,0,0,0,0,0,1
57,449,1,1,0,20,20,6,0,0
57,449,1,2,1,20,20,7,0,0
57,449,1,3,0,25,30,7,0,0
57,449,1,4,0,0,0,0,0,1
57,450,2,1,0,15,20,6,0,0
57,450,2,2,0,15,30,6,0,0
57,450,2,3,1,15,25,6,0,0
57,450,2,4,0,0,0,0,0,1
57,451,3,1,0,15,20,7,0,0
57,451,3,2,0,25,20,7,0,0
57,451,3,3,1,15,25,6,0,0
57,451,3,4,0,0,0,0,0,1
57,452,4,1,0,20,30,7,0,0
57,452,4,2,1,15,30,8,0,0
57,452,4,3,0,25,20,7,0,0
57,452,4,4,0,0,0,0,0,1
57,453,5,1,0,25,25,8,0,0
57,453,5,2,1,15,30,7,0,0
57,453,5,3,0,25,20,8,1,0
57,453,5,4,0,0,0,0,0,1
57,454,6,1,0,20,30,7,0,0
57,454,6,2,1,15,25,7,0,0
57,454,6,3,0,15,25,6,1,0
57,454,6,4,0,0,0,0,0,1
57,455,7,1,0,25,30,7,0,0
57,455,7,2,0,20,25,6,1,0
57,455,7,3,1,20,20,7,0,0
57,455,7,4,0,0,0,0,0,1
57,456,8,1,0,20,20,6,1,0
57,456,8,2,0,20,20,7,1,0
57,456,8,3,1,15,30,6,1,0
57,456,8,4,0,0,0,0,0,1
58,457,1,1,1,15,30,6,0,0
58,457,1,2,0,20,20,7,1,0
58,457,1,3,0,20,20,6,1,0
58,457,1,4,0,0,0,0,0,1
58,458,2,1,1,15,25,6,1,0
58,458,2,2,0,20,25,6,1,0
58,458,2,3,0,25,20,6,0,0
58,458,2,4,0,0,0,0,0,1
58,459,3,1,0,20,30,8,0,0
58,459,3,2,0,20,25,8,1,0
58,459,3,3,1,15,25,8,0,0
58,459,3,4,0,0,0,0,0,1
58,460,4,1,1,15,30,6,0,0
58,460,4,2,0,15,30,6,1,0
58,460,4,3,0,25,30,8,0,0
58,460,4,4,0,0,0,0,0,1
58,461,5,1,0,25,20,6,0,0
58,461,5,2,0,25,30,8,1,0
58,461,5,3,0,20,30,8,1,0
58,461,5,4,1,0,0,0,0,1
58,462,6,1,0,15,25,8,1,0
58,462,6,2,1,15,25,8,0,0
58,462,6,3,0,20,20,6,0,0
58,462,6,4,0,0,0,0,0,1
58,463,7,1,0,20,20,8,1,0
58,463,7,2,1,15,20,7,0,0
58,463,7,3,0,25,30,7,1,0
58,463,7,4,0,0,0,0,0,1
58,464,8,1,0,25,20,7,1,0
58,464,8,2,1,15,20,7,0,0
58,464,8,3,0,15,30,7,1,0
58,464,8,4,0,0,0,0,0,1
59,465,1,1,0,25,30,8,1,0
59,465,1,2,0,20,25,6,1,0
59,465,1,3,1,20,25,6,0,0
59,465,1,4,0,0,0,0,0,1
59,466,2,1,0,20,20,8,1,0
59,466,2,2,0,15,20,8,1,0
59,466,2,3,0,20,25,6,0,0
59,466,2,4,1,0,0,0,0,1
59,467,3,1,0,25,30,7,0,0
59,467,3,2,0,25,25,8,1,0
59,467,3,3,0,25,30,6,1,0
59,467,3,4,1,0,0,0,0,1
59,468,4,1,0,25,30,8,1,0
59,468,4,2,0,25,20,6,0,0
59,468,4,3,0,20,25,6,1,0
59,468,4,4,1,0,0,0,0,1
59,469,5,1,0,20,30,6,1,0
59,469,5,2,0,25,20,8,1,0
59,469,5,3,1,20,30,7,0,0
59,469,5,4,0,0,0,0,0,1
59,470,6,1,1,15,30,8,1,0
59,470,6,2,0,25,20,7,0,0
59,470,6,3,0,25,25,7,0,0
59,470,6,4,0,0,0,0,0,1
59,471,7,1,0,20,30,6,1,0
59,471,7,2,1,15,25,8,0,0
59,471,7,3,0,20,20,6,1,0
59,471,7,4,0,0,0,0,0,1
59,472,8,1,1,15,20,7,0,0
59,472,8,2,0,20,30,7,1,0
59,472,8,3,0,15,30,7,1,0
59,472,8,4,0,0,0,0,0,1
60,473,1,1,0,15,25,7,1,0
60,473,1,2,1,15,20,6,0,0
60,473,1,3,0,20,25,8,0,0
60,473,1,4,0,0,0,0,0,1
60,474,2,1,1,15,25,8,1,0
60,474,2,2,0,25,25,7,1,0
60,474,2,3,0,25,25,7,0,0
60,474,2,4,0,0,0,0,0,1
60,475,3,1,0,20,25,6,1,0
60,475,3,2,0,20,25,7,0,0
60,475,3,3,1,15,25,6,0,0
60,475,3,4,0,0,0,0,0,1
60,476,4,1,0,20,20,7,1,0
60,476,4,2,1,15,30,7,0,0
60,476,4,3,0,25,25,7,1,0
60,476,4,4,0,0,0,0,0,1
60,477,5,1,0,20,20,8,1,0
60,477,5,2,0,25,30,8,0,0
60,477,5,3,1,15,30,8,0,0
60,477,5,4,0,0,0,0,0,1
60,478,6,1,1,15,25,8,0,0
60,478,6,2,0,20,30,8,0,0
60,478,6,3,0,25,20,6,0,0
60,478,6,4,0,0,0,0,0,1
60,479,7,1,0,20,25,8,0,0
60,479,7,2,1,20,20,7,0,0
60,479,7,3,0,25,30,7,0,0
60,479,7,4,0,0,0,0,0,1
60,480,8,1,0,15,20,6,1,0
60,480,8,2,0,25,20,7,0,0
60,480,8,3,0,25,20,6,1,0
60,480,8,4,1,0,0,0,0,1
61,481,1,1,0,25,30,6,0,0
61,481,1,2,1,20,25,6,0,0
61,481,1,3,0,25,20,6,0,0
61,481,1,4,0,0,0,0,0,1
61,482,2,1,0,25,25,6,0,0
61,482,2,2,1,15,30,6,1,0
61,482,2,3,0,20,30,8,1,0
61,482,2,4,0,0,0,0,0,1
61,483,3,1,1,15,20,7,0,0
61,483,3,2,0,25,20,6,1,0
61,483,3,3,0,20,30,8,1,0
61,483,3,4,0,0,0,0,0,1
61,484,4,1,0,25,20,6,0,0
61,484,4,2,0,25,30,7,0,0
61,484,4,3,0,20,30,7,1,0
61,484,4,4,1,0,0,0,0,1
61,485,5,1,1,15,25,8,0,0
61,485,5,2,0,25,25,6,0,0
61,485,5,3,0,20,20,6,1,0
61,485,5,4,0,0,0,0,0,1
61,486,6,1,0,25,25,7,1,0
61,486,6,2,1,15,20,6,0,0
61,486,6,3,0,20,20,7,1,0
61,486,6,4,0,0,0,0,0,1
61,487,7,1,0,25,20,6,1,0
61,487,7,2,0,25,30,6,0,0
61,487,7,3,1,15,20,7,0,0
61,487,7,4,0,0,0,0,0,1
61,488,8,1,0,25,25,8,1,0
61,488,8,2,1,15,25,6,1,0
61,488,8,3,0,25,25,8,0,0
61,488,8,4,0,0,0,0,0,1
62,489,1,1,0,25,30,7,0,0
62,489,1,2,0,20,30,8,0,0
62,489,1,3,1,15,30,6,0,0
62,489,1,4,0,0,0,0,0,1
62,490,2,1,1,20,20,6,0,0
62,490,2,2,0,25,25,8,0,0
62,490,2,3,0,20,30,7,0,0
62,490,2,4,0,0,0,0,0,1
62,491,3,1,1,20,20,7,0,0
62,491,3,2,0,25,25,7,0,0
62,491,3,3,0,15,25,7,1,0
62,491,3,4,0,0,0,0,0,1
62,492,4,1,0,25,25,8,1,0
62,492,4,2,1,15,20,8,0,0
62,492,4,3,0,20,20,6,0,0
62,492,4,4,0,0,0,0,0,1
62,493,5,1,1,15,25,8,0,0
62,493,5,2,0,25,25,8,0,0
62,493,5,3,0,25,30,8,0,0
62,493,5,4,0,0,0,0,0,1
62,494,6,1,0,25,30,7,0,0
62,494,6,2,0,25,25,6,1,0
62,494,6,3,0,20,20,8,1,0
62,494,6,4,1,0,0,0,0,1
62,495,7,1,1,20,30,8,0,0
62,495,7,2,0,20,30,6,0,0
62,495,7,3,0,20,30,6,1,0
62,495,7,4,0,0,0,0,0,1
62,496,8,1,0,15,25,8,1,0
62,496,8,2,0,20,25,7,1,0
62,496,8,3,1,15,30,7,0,0
62,496,8,4,0,0,0,0,0,1
63,497,1,1,0,20,25,6,1,0
63,497,1,2,1,15,30,6,1,0
63,497,1,3,0,25,20,8,0,0
63,497,1,4,0,0,0,0,0,1
63,498,2,1,0,20,20,8,0,0
63,498,2,2,1,20,25,7,0,0
63,498,2,3,0,15,30,8,1,0
63,498,2,4,0,0,0,0,0,1
63,499,3,1,1,15,30,7,0,0
63,499,3,2,0,25,25,6,1,0
63,499,3,3,0,20,25,6,1,0
63,499,3,4,0,0,0,0,0,1
63,500,4,1,1,15,20,8,0,0
63,500,4,2,0,25,25,7,0,0
63,500,4,3,0,25,25,8,1,0
63,500,4,4,0,0,0,0,0,1
63,501,5,1,0,25,20,7,0,0
63,501,5,2,0,20,30,7,1,0
63,501,5,3,1,15,30,7,1,0
63,501,5,4,0,0,0,0,0,1
63,502,6,1,0,20,20,6,1,0
63,502,6,2,1,20,25,6,1,0
63,502,6,3,0,20,25,8,1,0
63,502,6,4,0,0,0,0,0,1
63,503,7,1,1,15,25,6,1,0
63,503,7,2,0,15,20,6,1,0
63,503,7,3,0,25,30,6,1,0
63,503,7,4,0,0,0,0,0,1
63,504,8,1,1,15,30,7,0,0
63,504,8,2,0,20,25,7,1,0
63,504,8,3,0,20,25,6,0,0
63,504,8,4,0,0,0,0,0,1
64,505,1,1,0,20,25,7,1,0
64,505,1,2,0,25,20,7,0,0
64,505,1,3,1,15,20,8,1,0
64,505,1,4,0,0,0,0,0,1
64,506,2,1,1,15,20,6,1,0
64,506,2,2,0,15,20,8,1,0
64,506,2,3,0,20,25,8,1,0
64,506,2,4,0,0,0,0,0,1
64,507,3,1,1,15,30,7,1,0
64,507,3,2,0,15,20,8,1,0
64,507,3,3,0,20,20,7,0,0
64,507,3,4,0,0,0,0,0,1
64,508,4,1,0,20,25,8,0,0
64,508,4,2,1,15,25,8,0,0
64,508,4,3,0,20,25,7,1,0
64,508,4,4,0,0,0,0,0,1
64,509,5,1,0,25,25,7,1,0
64,509,5,2,1,15,25,6,0,0
64,509,5,3,0,15,25,8,1,0
64,509,5,4,0,0,0,0,0,1
64,510,6,1,1,15,30,7,0,0
64,510,6,2,0,15,20,8,0,0
64,510,6,3,0,25,20,7,0,0
64,510,6,4,0,0,0,0,0,1
64,511,7,1,1,15,30,7,1,0
64,511,7,2,0,20,20,8,0,0
64,511,7,3,0,25,20,6,1,0
64,511,7,4,0,0,0,0,0,1
64,512,8,1,0,25,25,6,0,0
64,512,8,2,1,15,30,6,0,0
64,512,8,3,0,20,30,8,1,0
64,512,8,4,0,0,0,0,0,1
65,513,1,1,0,25,30,7,0,0
65,513,1,2,0,25,20,8,1,0
65,513,1,3,1,15,20,8,1,0
65,513,1,4,0,0,0,0,0,1
65,514,2,1,0,25,20,7,1,0
65,514,2,2,1,15,30,8,1,0
65,514,2,3,0,15,20,6,1,0
65,514,2,4,0,0,0,0,0,1
65,515,3,1,0,20,25,6,1,0
65,515,3,2,0,20,30,6,0,0
65,515,3,3,1,15,25,7,0,0
65,515,3,4,0,0,0,0,0,1
65,516,4,1,0,25,30,7,0,0
65,516,4,2,1,15,30,6,1,0
65,516,4,3,0,25,30,6,0,0
65,516,4,4,0,0,0,0,0,1
65,517,5,1,0,25,20,8,1,0
65,517,5,2,0,20,30,8,0,0
65,517,5,3,1,15,20,7,0,0
65,517,5,4,0,0,0,0,0,1
65,518,6,1,1,20,25,6,0,0
65,518,6,2,0,25,20,6,1,0
65,518,6,3,0,15,20,8,1,0
65,518,6,4,0,0,0,0,0,1
65,519,7,1,0,15,20,8,1,0
65,519,7,2,0,25,20,8,0,0
65,519,7,3,1,20,30,7,0,0
65,519,7,4,0,0,0,0,0,1
65,520,8,1,0,25,25,8,1,0
65,520,8,2,1,15,20,6,1,0
65,520,8,3,0,20,20,7,1,0
65,520,8,4,0,0,0,0,0,1
66,521,1,1,0,25,20,7,1,0
66,521,1,2,0,25,25,6,1,0
66,521,1,3,1,15,20,7,0,0
66,521,1,4,0,0,0,0,0,1
66,522,2,1,1,25,25,7,0,0
66,522,2,2,0,25,20,6,1,0
66,522,2,3,0,25,20,7,1,0
66,522,2,4,0,0,0,0,0,1
66,523,3,1,0,15,20,6,1,0
66,523,3,2,1,15,20,8,0,0
66,523,3,3,0,25,25,8,0,0
66,523,3,4,0,0,0,0,0,1
66,524,4,1,0,20,25,8,0,0
66,524,4,2,1,15,20,7,0,0
66,524,4,3,0,20,30,8,0,0
66,524,4,4,0,0,0,0,0,1
66,525,5,1,1,15,20,7,0,0
66,525,5,2,0,15,25,8,1,0
66,525,5,3,0,25,30,8,1,0
66,525,5,4,0,0,0,0,0,1
66,526,6,1,1,15,20,8,1,0
66,526,6,2,0,20,20,8,0,0
66,526,6,3,0,20,20,7,1,0
66,526,6,4,0,0,0,0,0,1
66,527,7,1,0,20,20,8,1,0
66,527,7,2,1,15,20,6,1,0
66,527,7,3,0,20,25,8,1,0
66,527,7,4,0,0,0,0,0,1
66,528,8,1,0,25,30,6,0,0
66,528,8,2,0,15,20,8,1,0
66,528,8,3,1,15,30,6,0,0
66,528,8,4,0,0,0,0,0,1
67,529,1,1,1,20,30,8,0,0
67,529,1,2,0,25,20,7,0,0
67,529,1,3,0,20,30,7,1,0
67,529,1,4,0,0,0,0,0,1
67,530,2,1,0,25,20,8,1,0
67,530,2,2,0,20,20,8,1,0
67,530,2,3,0,20,25,6,1,0
67,530,2,4,1,0,0,0,0,1
67,531,3,1,0,25,20,7,0,0
67,531,3,2,0,25,25,6,0,0
67,531,3,3,1,20,25,8,0,0
67,531,3,4,0,0,0,0,0,1
67,532,4,1,0,20,25,6,1,0
67,532,4,2,0,25,25,7,0,0
67,532,4,3,0,20,20,8,1,0
67,532,4,4,1,0,0,0,0,1
67,533,5,1,0,25,20,8,1,0
67,533,5,2,1,20,20,8,1,0
67,533,5,3,0,25,30,7,1,0
67,533,5,4,0,0,0,0,0,1
67,534,6,1,0,20,20,6,1,0
67,534,6,2,0,25,25,7,0,0
67,534,6,3,1,20,30,7,0,0
67,534,6,4,0,0,0,0,0,1
67,535,7,1,0,25,20,8,1,0
67,535,7,2,1,15,30,8,1,0
67,535,7,3,0,25,30,7,0,0
67,535,7,4,0,0,0,0,0,1
67,536,8,1,0,25,25,8,1,0
67,536,8,2,0,15,20,7,1,0
67,536,8,3,1,15,30,8,0,0
67,536,8,4,0,0,0,0,0,1
68,537,1,1,0,25,20,6,1,0
68,537,1,2,1,15,20,7,0,0
68,537,1,3,0,20,20,6,0,0
68,537,1,4,0,0,0,0,0,1
68,538,2,1,0,25,30,7,0,0
68,538,2,2,0,20,20,7,1,0
68,538,2,3,1,20,30,6,0,0
68,538,2,4,0,0,0,0,0,1
68,539,3,1,1,15,30,8,1,0
68,539,3,2,0,15,20,6,1,0
68,539,3,3,0,25,20,8,0,0
68,539,3,4,0,0,0,0,0,1
68,540,4,1,0,20,25,6,0,0
68,540,4,2,0,15,20,6,0,0
68,540,4,3,1,15,25,7,0,0
68,540,4,4,0,0,0,0,0,1
68,541,5,1,0,25,30,6,1,0
68,541,5,2,0,20,20,8,1,0
68,541,5,3,0,25,30,7,0,0
68,541,5,4,1,0,0,0,0,1
68,542,6,1,0,20,25,6,0,0
68,542,6,2,0,15,20,6,1,0
68,542,6,3,1,15,30,8,1,0
68,542,6,4,0,0,0,0,0,1
68,543,7,1,0,25,20,8,0,0
68,543,7,2,1,15,25,6,0,0
68,543,7,3,0,25,25,7,0,0
68,543,7,4,0,0,0,0,0,1
68,544,8,1,0,20,25,7,1,0
68,544,8,2,0,25,20,8,1,0
68,544,8,3,1,25,30,8,0,0
68,544,8,4,0,0,0,0,0,1
69,545,1,1,0,20,20,8,1,0
69,545,1,2,0,25,30,8,0,0
69,545,1,3,0,20,25,8,1,0
69,545,1,4,1,0,0,0,0,1
69,546,2,1,0,25,25,8,1,0
69,546,2,2,0,25,20,8,1,0
69,546,2,3,1,20,30,8,1,0
69,546,2,4,0,0,0,0,0,1
69,547,3,1,1,15,30,8,0,0
69,547,3,2,0,25,30,6,0,0
69,547,3,3,0,20,20,7,0,0
69,547,3,4,0,0,0,0,0,1
69,548,4,1,0,20,20,6,1,0
69,548,4,2,1,20,30,7,0,0
69,548,4,3,0,15,30,8,0,0
69,548,4,4,0,0,0,0,0,1
69,549,5,1,1,25,25,6,0,0
69,549,5,2,0,20,20,8,1,0
69,549,5,3,0,20,30,6,1,0
69,549,5,4,0,0,0,0,0,1
69,550,6,1,1,15,30,8,1,0
69,550,6,2,0,25,25,6,1,0
69,550,6,3,0,20,25,8,1,0
69,550,6,4,0,0,0,0,0,1
69,551,7,1,0,20,30,8,1,0
69,551,7,2,0,20,25,7,1,0
69,551,7,3,0,25,25,6,0,0
69,551,7,4,1,0,0,0,0,1
69,552,8,1,0,15,25,6,1,0
69,552,8,2,1,15,20,8,0,0
69,552,8,3,0,20,20,7,0,0
69,552,8,4,0,0,0,0,0,1
70,553,1,1,0,25,25,7,1,0
70,553,1,2,1,15,25,7,0,0
70,553,1,3,0,20,20,6,1,0
70,553,1,4,0,0,0,0,0,1
70,554,2,1,0,25,30,8,0,0
70,554,2,2,0,25,30,7,0,0
70,554,2,3,0,25,20,6,1,0
70,554,2,4,1,0,0,0,0,1
70,555,3,1,0,25,30,6,0,0
70,555,3,2,0,25,20,7,1,0
70,555,3,3,0,25,20,6,0,0
70,555,3,4,1,0,0,0,0,1
70,556,4,1,0,20,20,6,0,0
70,556,4,2,0,15,25,6,1,0
70,556,4,3,0,25,25,6,0,0
70,556,4,4,1,0,0,0,0,1
70,557,5,1,0,20,30,6,1,0
70,557,5,2,1,15,20,8,0,0
70,557,5,3,0,20,20,7,1,0
70,557,5,4,0,0,0,0,0,1
70,558,6,1,0,25,20,7,0,0
70,558,6,2,1,15,30,7,1,0
70,558,6,3,0,25,25,6,0,0
70,558,6,4,0,0,0,0,0,1
70,559,7,1,0,15,20,8,0,0
70,559,7,2,0,25,30,8,1,0
70,559,7,3,1,20,30,7,0,0
70,559,7,4,0,0,0,0,0,1
70,560,8,1,0,15,25,7,1,0
70,560,8,2,1,15,30,8,0,0
70,560,8,3,0,25,20,7,0,0
70,560,8,4,0,0,0,0,0,1
71,561,1,1,1,15,25,7,0,0
71,561,1,2,0,20,25,6,0,0
71,561,1,3,0,15,25,8,1,0
71,561,1,4,0,0,0,0,0,1
71,562,2,1,0,20,20,8,0,0
71,562,2,2,1,15,25,7,0,0
71,562,2,3,0,25,25,6,0,0
71,562,2,4,0,0,0,0,0,1
71,563,3,1,0,20,25,8,1,0
71,563,3,2,0,15,30,6,1,0
71,563,3,3,1,15,20,8,0,0
71,563,3,4,0,0,0,0,0,1
71,564,4,1,1,15,20,6,0,0
71,564,4,2,0,25,20,7,1,0
71,564,4,3,0,15,20,8,0,0
71,564,4,4,0,0,0,0,0,1
71,565,5,1,1,20,25,7,0,0
71,565,5,2,0,25,30,6,1,0
71,565,5,3,0,25,30,8,1,0
71,565,5,4,0,0,0,0,0,1
71,566,6,1,0,25,30,7,1,0
71,566,6,2,0,20,25,7,1,0
71,566,6,3,1,25,30,6,0,0
71,566,6,4,0,0,0,0,0,1
71,567,7,1,1,15,30,6,0,0
71,567,7,2,0,20,30,8,1,0
71,567,7,3,0,25,30,6,0,0
71,567,7,4,0,0,0,0,0,1
71,568,8,1,0,15,30,6,1,0
71,568,8,2,0,20,20,6,1,0
71,568,8,3,1,20,30,6,0,0
71,568,8,4,0,0,0,0,0,1
72,569,1,1,0,20,30,8,1,0
72,569,1,2,1,15,20,7,0,0
72,569,1,3,0,15,20,8,1,0
72,569,1,4,0,0,0,0,0,1
72,570,2,1,0,15,25,7,1,0
72,570,2,2,1,15,25,8,0,0
72,570,2,3,0,20,20,7,1,0
72,570,2,4,0,0,0,0,0,1
72,571,3,1,0,20,30,8,1,0
72,571,3,2,0,25,30,8,1,0
72,571,3,3,0,20,20,7,1,0
72,571,3,4,1,0,0,0,0,1
72,572,4,1,1,15,20,8,0,0
72,572,4,2,0,15,20,6,1,0
72,572,4,3,0,15,30,8,1,0
72,572,4,4,0,0,0,0,0,1
72,573,5,1,1,20,30,6,0,0
72,573,5,2,0,25,25,7,0,0
72,573,5,3,0,25,20,8,0,0
72,573,5,4,0,0,0,0,0,1
72,574,6,1,0,20,30,6,1,0
72,574,6,2,0,25,25,6,1,0
72,574,6,3,1,25,30,6,0,0
72,574,6,4,0,0,0,0,0,1
72,575,7,1,1,15,25,6,1,0
72,575,7,2,0,20,25,7,0,0
72,575,7,3,0,25,25,6,0,0
72,575,7,4,0,0,0,0,0,1
72,576,8,1,1,20,25,7,0,0
72,576,8,2,0,25,25,8,0,0
72,576,8,3,0,20,30,8,1,0
72,576,8,4,0,0,0,0,0,1
73,577,1,1,0,25,25,8,0,0
73,577,1,2,0,15,25,6,1,0
73,577,1,3,1,20,20,8,0,0
73,577,1,4,0,0,0,0,0,1
73,578,2,1,0,25,20,8,0,0
73,578,2,2,1,15,25,6,1,0
73,578,2,3,0,25,30,6,0,0
73,578,2,4,0,0,0,0,0,1
73,579,3,1,0,15,20,6,1,0
73,579,3,2,0,20,20,7,0,0
73,579,3,3,1,20,30,6,0,0
73,579,3,4,0,0,0,0,0,1
73,580,4,1,0,20,25,7,1,0
73,580,4,2,0,20,30,7,0,0
73,580,4,3,1,20,30,8,0,0
73,580,4,4,0,0,0,0,0,1
73,581,5,1,1,20,25,8,0,0
73,581,5,2,0,15,25,7,0,0
73,581,5,3,0,25,20,6,1,0
73,581,5,4,0,0,0,0,0,1
73,582,6,1,0,20,30,8,1,0
73,582,6,2,1,25,25,7,0,0
73,582,6,3,0,15,20,6,1,0
73,582,6,4,0,0,0,0,0,1
73,583,7,1,1,15,20,6,1,0
73,583,7,2,0,15,20,8,1,0
73,583,7,3,0,15,30,7,1,0
73,583,7,4,0,0,0,0,0,1
73,584,8,1,0,25,25,8,1,0
73,584,8,2,0,20,20,8,1,0
73,584,8,3,1,15,30,8,0,0
73,584,8,4,0,0,0,0,0,1
74,585,1,1,0,20,20,8,0,0
74,585,1,2,1,20,30,6,0,0
74,585,1,3,0,20,25,8,0,0
74,585,1,4,0,0,0,0,0,1
74,586,2,1,0,25,20,6,1,0
74,586,2,2,0,25,30,7,0,0
74,586,2,3,0,20,30,7,1,0
74,586,2,4,1,0,0,0,0,1
74,587,3,1,1,15,30,7,0,0
74,587,3,2,0,25,25,7,1,0
74,587,3,3,0,15,20,6,1,0
74,587,3,4,0,0,0,0,0,1
74,588,4,1,0,15,25,6,1,0
74,588,4,2,0,25,25,6,0,0
74,588,4,3,1,15,25,8,1,0
74,588,4,4,0,0,0,0,0,1
74,589,5,1,0,25,30,7,0,0
74,589,5,2,0,20,30,6,1,0
74,589,5,3,1,15,25,7,1,0
74,589,5,4,0,0,0,0,0,1
74,590,6,1,1,25,20,8,0,0
74,590,6,2,0,25,25,8,0,0
74,590,6,3,0,20,20,8,1,0
74,590,6,4,0,0,0,0,0,1
74,591,7,1,0,25,25,8,0,0
74,591,7,2,0,20,20,7,1,0
74,591,7,3,1,20,30,7,0,0
74,591,7,4,0,0,0,0,0,1
74,592,8,1,0,25,25,7,1,0
74,592,8,2,1,15,30,8,0,0
74,592,8,3,0,15,30,6,1,0
74,592,8,4,0,0,0,0,0,1
75,593,1,1,1,15,25,6,0,0
75,593,1,2,0,15,25,7,0,0
75,593,1,3,0,15,30,7,1,0
75,593,1,4,0,0,0,0,0,1
75,594,2,1,0,15,20,6,1,0
75,594,2,2,0,15,25,7,1,0
75,594,2,3,1,20,30,6,0,0
75,594,2,4,0,0,0,0,0,1
75,595,3,1,0,20,25,8,1,0
75,595,3,2,1,15,30,6,0,0
75,595,3,3,0,25,25,7,1,0
75,595,3,4,0,0,0,0,0,1
75,596,4,1,1,15,25,6,1,0
75,596,4,2,0,20,25,6,1,0
75,596,4,3,0,20,20,7,0,0
75,596,4,4,0,0,0,0,0,1
75,597,5,1,1,15,20,6,0,0
75,597,5,2,0,15,25,6,0,0
75,597,5,3,0,20,25,6,0,0
75,597,5,4,0,0,0,0,0,1
75,598,6,1,0,25,25,7,0,0
75,598,6,2,1,20,25,7,0,0
75,598,6,3,0,15,25,8,1,0
75,598,6,4,0,0,0,0,0,1
75,599,7,1,0,25,20,8,1,0
75,599,7,2,0,25,20,7,0,0
75,599,7,3,0,25,30,8,1,0
75,599,7,4,1,0,0,0,0,1
75,600,8,1,0,20,30,6,0,0
75,600,8,2,0,25,20,7,1,0
75,600,8,3,1,15,30,8,0,0
75,600,8,4,0,0,0,0,0,1
76,601,1,1,0,25,30,7,1,0
76,601,1,2,0,15,20,8,1,0
76,601,1,3,1,20,25,7,0,0
76,601,1,4,0,0,0,0,0,1
76,602,2,1,0,20,20,7,0,0
76,602,2,2,0,25,30,8,0,0
76,602,2,3,1,15,30,7,0,0
76,602,2,4,0,0,0,0,0,1
76,603,3,1,0,15,20,8,1,0
76,603,3,2,0,20,25,6,0,0
76,603,3,3,1,15,25,6,0,0
76,603,3,4,0,0,0,0,0,1
76,604,4,1,0,20,25,7,1,0
76,604,4,2,0,15,25,8,1,0
76,604,4,3,1,15,25,7,0,0
76,604,4,4,0,0,0,0,0,1
76,605,5,1,0,20,25,8,0,0
76,605,5,2,0,20,25,6,0,0
76,605,5,3,1,15,30,7,1,0
76,605,5,4,0,0,0,0,0,1
76,606,6,1,0,25,25,8,1,0
76,606,6,2,0,25,20,8,1,0
76,606,6,3,0,25,20,7,0,0
76,606,6,4,1,0,0,0,0,1
76,607,7,1,0,20,20,6,0,0
76,607,7,2,0,25,25,6,0,0
76,607,7,3,0,20,25,8,1,0
76,607,7,4,1,0,0,0,0,1
76,608,8,1,1,20,25,8,0,0
76,608,8,2,0,15,20,8,1,0
76,608,8,3,0,20,20,6,1,0
76,608,8,4,0,0,0,0,0,1
77,609,1,1,1,15,30,6,0,0
77,609,1,2,0,25,25,8,0,0
77,609,1,3,0,20,30,6,1,0
77,609,1,4,0,0,0,0,0,1
77,610,2,1,0,25,25,8,0,0
77,610,2,2,0,20,25,6,0,0
77,610,2,3,1,15,30,8,0,0
77,610,2,4,0,0,0,0,0,1
77,611,3,1,0,25,25,6,0,0
77,611,3,2,0,25,20,6,1,0
77,611,3,3,0,25,25,8,0,0
77,611,3,4,1,0,0,0,0,1
77,612,4,1,1,20,20,8,0,0
77,612,4,2,0,15,30,8,1,0
77,612,4,3,0,20,25,8,1,0
77,612,4,4,0,0,0,0,0,1
77,613,5,1,0,25,20,6,1,0
77,613,5,2,0,20,25,7,1,0
77,613,5,3,0,20,25,8,1,0
77,613,5,4,1,0,0,0,0,1
77,614,6,1,0,25,20,6,0,0
77,614,6,2,0,20,20,7,1,0
77,614,6,3,0,25,25,7,1,0
77,614,6,4,1,0,0,0,0,1
77,615,7,1,0,20,25,8,1,0
77,615,7,2,1,20,30,8,0,0
77,615,7,3,0,25,30,8,0,0
77,615,7,4,0,0,0,0,0,1
77,616,8,1,0,20,25,7,1,0
77,616,8,2,0,25,30,8,0,0
77,616,8,3,1,15,30,6,0,0
77,616,8,4,0,0,0,0,0,1
78,617,1,1,0,20,30,6,0,0
78,617,1,2,1,15,20,7,0,0
78,617,1,3,0,15,20,8,0,0
78,617,1,4,0,0,0,0,0,1
78,618,2,1,0,20,25,6,0,0
78,618,2,2,1,15,30,7,0,0
78,618,2,3,0,25,30,6,0,0
78,618,2,4,0,0,0,0,0,1
78,619,3,1,1,15,30,6,0,0
78,619,3,2,0,15,30,8,1,0
78,619,3,3,0,20,25,8,1,0
78,619,3,4,0,0,0,0,0,1
78,620,4,1,1,20,25,7,0,0
78,620,4,2,0,25,20,6,0,0
78,620,4,3,0,20,20,8,0,0
78,620,4,4,0,0,0,0,0,1
78,621,5,1,0,20,30,8,0,0
78,621,5,2,0,25,30,8,0,0
78,621,5,3,1,15,30,7,1,0
78,621,5,4,0,0,0,0,0,1
78,622,6,1,0,20,30,6,1,0
78,622,6,2,0,15,20,6,0,0
78,622,6,3,1,15,30,8,0,0
78,622,6,4,0,0,0,0,0,1
78,623,7,1,1,15,20,8,0,0
78,623,7,2,0,25,25,8,0,0
78,623,7,3,0,20,20,8,0,0
78,623,7,4,0,0,0,0,0,1
78,624,8,1,0,15,30,7,1,0
78,624,8,2,1,20,20,7,0,0
78,624,8,3,0,15,20,8,0,0
78,624,8,4,0,0,0,0,0,1
79,625,1,1,1,20,25,6,0,0
79,625,1,2,0,25,30,6,1,0
79,625,1,3,0,20,20,7,0,0
79,625,1,4,0,0,0,0,0,1
79,626,2,1,0,25,25,8,0,0
79,626,2,2,0,25,30,6,0,0
79,626,2,3,1,15,25,6,1,0
79,626,2,4,0,0,0,0,0,1
79,627,3,1,0,20,20,6,1,0
79,627,3,2,0,25,25,7,1,0
79,627,3,3,1,20,30,8,0,0
79,627,3,4,0,0,0,0,0,1
79,628,4,1,0,15,20,7,1,0
79,628,4,2,0,25,25,7,0,0
79,628,4,3,1,15,30,7,1,0
79,628,4,4,0,0,0,0,0,1
79,629,5,1,0,20,30,6,1,0
79,629,5,2,1,15,30,7,0,0
79,629,5,3,0,20,25,7,0,0
79,629,5,4,0,0,0,0,0,1
79,630,6,1,0,15,30,8,1,0
79,630,6,2,0,25,25,7,0,0
79,630,6,3,0,25,20,6,0,0
79,630,6,4,1,0,0,0,0,1
79,631,7,1,0,25,25,8,1,0
79,631,7,2,1,25,25,6,0,0
79,631,7,3,0,25,20,7,1,0
79,631,7,4,0,0,0,0,0,1
79,632,8,1,0,20,30,7,1,0
79,632,8,2,0,25,25,8,0,0
79,632,8,3,0,15,20,8,1,0
79,632,8,4,1,0,0,0,0,1
80,633,1,1,0,25,30,6,1,0
80,633,1,2,0,25,30,8,0,0
80,633,1,3,1,15,20,8,0,0
80,633,1,4,0,0,0,0,0,1
80,634,2,1,1,15,20,7,0,0
80,634,2,2,0,20,20,8,0,0
80,634,2,3,0,20,25,7,1,0
80,634,2,4,0,0,0,0,0,1
80,635,3,1,0,25,20,6,0,0
80,635,3,2,1,20,20,7,0,0
80,635,3,3,0,20,20,7,1,0
80,635,3,4,0,0,0,0,0,1
80,636,4,1,0,20,25,7,0,0
80,636,4,2,1,15,30,7,0,0
80,636,4,3,0,20,30,6,0,0
80,636,4,4,0,0,0,0,0,1
80,637,5,1,0,25,20,7,1,0
80,637,5,2,1,15,30,8,1,0
80,637,5,3,0,20,25,6,0,0
80,637,5,4,0,0,0,0,0,1
80,638,6,1,0,20,20,7,1,0
80,638,6,2,1,15,25,7,0,0
80,638,6,3,0,20,25,7,0,0
80,638,6,4,0,0,0,0,0,1
80,639,7,1,0,20,20,8,1,0
80,639,7,2,1,15,20,8,0,0
80,639,7,3,0,20,30,8,0,0
80,639,7,4,0,0,0,0,0,1
80,640,8,1,1,15,30,6,1,0
80,640,8,2,0,25,25,7,1,0
80,640,8,3,0,20,20,6,0,0
80,640,8,4,0,0,0,0,0,1
81,641,1,1,0,20,25,8,0,0
81,641,1,2,0,20,20,7,0,0
81,641,1,3,1,20,20,6,0,0
81,641,1,4,0,0,0,0,0,1
81,642,2,1,0,25,20,8,1,0
81,642,2,2,1,20,20,6,0,0
81,642,2,3,0,15,20,8,1,0
81,642,2,4,0,0,0,0,0,1
81,643,3,1,0,15,25,6,1,0
81,643,3,2,0,20,25,8,1,0
81,643,3,3,1,15,20,6,0,0
81,643,3,4,0,0,0,0,0,1
81,644,4,1,0,15,20,8,0,0
81,644,4,2,0,15,25,6,1,0
81,644,4,3,0,25,20,6,1,0
81,644,4,4,1,0,0,0,0,1
81,645,5,1,0,20,30,7,0,0
81,645,5,2,1,15,30,6,0,0
81,645,5,3,0,25,20,8,1,0
81,645,5,4,0,0,0,0,0,1
81,646,6,1,1,15,30,7,0,0
81,646,6,2,0,20,20,7,0,0
81,646,6,3,0,15,20,7,1,0
81,646,6,4,0,0,0,0,0,1
81,647,7,1,1,20,25,7,0,0
81,647,7,2,0,20,30,7,1,0
81,647,7,3,0,20,25,6,1,0
81,647,7,4,0,0,0,0,0,1
81,648,8,1,1,15,25,7,0,0
81,648,8,2,0,15,20,8,0,0
81,648,8,3,0,20,30,7,1,0
81,648,8,4,0,0,0,0,0,1
82,649,1,1,0,20,25,7,0,0
82,649,1,2,0,25,30,8,1,0
82,649,1,3,0,20,25,7,1,0
82,649,1,4,1,0,0,0,0,1
82,650,2,1,0,25,30,7,0,0
82,650,2,2,0,25,25,6,1,0
82,650,2,3,1,20,20,7,0,0
82,650,2,4,0,0,0,0,0,1
82,651,3,1,0,20,20,8,1,0
82,651,3,2,1,15,20,7,0,0
82,651,3,3,0,20,20,8,0,0
82,651,3,4,0,0,0,0,0,1
82,652,4,1,0,20,20,8,0,0
82,652,4,2,1,15,25,8,1,0
82,652,4,3,0,20,20,7,1,0
82,652,4,4,0,0,0,0,0,1
82,653,5,1,0,25,20,7,1,0
82,653,5,2,0,15,20,7,0,0
82,653,5,3,1,15,25,8,1,0
82,653,5,4,0,0,0,0,0,1
82,654,6,1,1,20,30,7,0,0
82,654,6,2,0,25,20,6,1,0
82,654,6,3,0,25,25,6,0,0
82,654,6,4,0,0,0,0,0,1
82,655,7,1,1,15,25,7,0,0
82,655,7,2,0,25,25,6,0,0
82,655,7,3,0,20,30,8,0,0
82,655,7,4,0,0,0,0,0,1
82,656,8,1,0,15,20,6,1,0
82,656,8,2,1,20,20,8,0,0
82,656,8,3,0,20,25,6,1,0
82,656,8,4,0,0,0,0,0,1
83,657,1,1,0,20,20,7,0,0
83,657,1,2,1,15,30,7,1,0
83,657,1,3,0,25,25,8,1,0
83,657,1,4,0,0,0,0,0,1
83,658,2,1,0,25,25,7,0,0
83,658,2,2,1,15,30,7,0,0
83,658,2,3,0,20,25,6,1,0
83,658,2,4,0,0,0,0,0,1
83,659,3,1,0,20,25,7,0,0
83,659,3,2,0,20,30,7,1,0
83,659,3,3,1,15,20,8,1,0
83,659,3,4,0,0,0,0,0,1
83,660,4,1,1,15,30,6,0,0
83,660,4,2,0,15,30,8,1,0
83,660,4,3,0,20,30,8,0,0
83,660,4,4,0,0,0,0,0,1
83,661,5,1,0,20,30,7,1,0
83,661,5,2,0,20,25,8,1,0
83,661,5,3,0,20,20,7,1,0
83,661,5,4,1,0,0,0,0,1
83,662,6,1,0,20,20,8,1,0
83,662,6,2,0,15,20,8,1,0
83,662,6,3,0,25,25,6,0,0
83,662,6,4,1,0,0,0,0,1
83,663,7,1,0,15,25,7,0,0
83,663,7,2,0,15,25,6,1,0
83,663,7,3,1,15,20,7,0,0
83,663,7,4,0,0,0,0,0,1
83,664,8,1,0,25,30,6,1,0
83,664,8,2,1,20,30,7,1,0
83,664,8,3,0,25,20,6,0,0
83,664,8,4,0,0,0,0,0,1
84,665,1,1,1,20,30,8,0,0
84,665,1,2,0,20,25,8,0,0
84,665,1,3,0,20,20,7,1,0
84,665,1,4,0,0,0,0,0,1
84,666,2,1,0,25,25,7,0,0
84,666,2,2,0,15,25,6,0,0
84,666,2,3,1,15,30,6,0,0
84,666,2,4,0,0,0,0,0,1
84,667,3,1,0,20,25,6,1,0
84,667,3,2,0,25,20,8,1,0
84,667,3,3,0,25,30,7,1,0
84,667,3,4,1,0,0,0,0,1
84,668,4,1,0,15,25,7,0,0
84,668,4,2,1,15,20,7,0,0
84,668,4,3,0,20,20,6,0,0
84,668,4,4,0,0,0,0,0,1
84,669,5,1,0,20,25,7,1,0
84,669,5,2,0,20,30,7,1,0
84,669,5,3,1,15,20,8,1,0
84,669,5,4,0,0,0,0,0,1
84,670,6,1,0,20,30,6,0,0
84,670,6,2,1,20,30,7,0,0
84,670,6,3,0,25,20,7,0,0
84,670,6,4,0,0,0,0,0,1
84,671,7,1,0,25,20,8,0,0
84,671,7,2,1,20,20,7,0,0
84,671,7,3,0,25,20,7,0,0
84,671,7,4,0,0,0,0,0,1
84,672,8,1,0,25,25,6,1,0
84,672,8,2,1,20,20,8,0,0
84,672,8,3,0,25,20,6,0,0
84,672,8,4,0,0,0,0,0,1
85,673,1,1,0,25,25,8,1,0
85,673,1,2,0,15,20,7,1,0
85,673,1,3,1,20,20,7,0,0
85,673,1,4,0,0,0,0,0,1
85,674,2,1,1,15,20,7,0,0
85,674,2,2,0,20,25,6,0,0
85,674,2,3,0,25,30,6,0,0
85,674,2,4,0,0,0,0,0,1
85,675,3,1,0,25,25,6,1,0
85,675,3,2,0,20,25,6,1,0
85,675,3,3,1,20,20,7,0,0
85,675,3,4,0,0,0,0,0,1
85,676,4,1,0,25,20,6,0,0
85,676,4,2,0,25,30,7,0,0
85,676,4,3,1,25,30,8,0,0
85,676,4,4,0,0,0,0,0,1
85,677,5,1,0,20,20,7,1,0
85,677,5,2,1,20,30,6,0,0
85,677,5,3,0,20,30,7,0,0
85,677,5,4,0,0,0,0,0,1
85,678,6,1,0,25,20,6,0,0
85,678,6,2,0,25,25,6,0,0
85,678,6,3,0,25,25,7,1,0
85,678,6,4,1,0,0,0,0,1
85,679,7,1,0,25,20,6,0,0
85,679,7,2,0,25,20,6,1,0
85,679,7,3,1,20,30,7,0,0
85,679,7,4,0,0,0,0,0,1
85,680,8,1,0,25,25,7,1,0
85,680,8,2,0,25,30,7,1,0
85,680,8,3,0,25,30,6,0,0
85,680,8,4,1,0,0,0,0,1
86,681,1,1,0,25,30,8,1,0
86,681,1,2,0,25,20,7,1,0
86,681,1,3,0,25,20,6,0,0
86,681,1,4,1,0,0,0,0,1
86,682,2,1,0,25,30,8,0,0
86,682,2,2,1,20,30,7,0,0
86,682,2,3,0,20,25,6,0,0
86,682,2,4,0,0,0,0,0,1
86,683,3,1,0,15,20,7,0,0
86,683,3,2,1,15,25,7,0,0
86,683,3,3,0,25,30,8,0,0
86,683,3,4,0,0,0,0,0,1
86,684,4,1,0,15,20,7,1,0
86,684,4,2,1,15,25,7,0,0
86,684,4,3,0,20,30,8,0,0
86,684,4,4,0,0,0,0,0,1
86,685,5,1,0,15,20,7,1,0
86,685,5,2,0,25,25,6,0,0
86,685,5,3,0,25,30,7,1,0
86,685,5,4,1,0,0,0,0,1
86,686,6,1,0,25,20,7,0,0
86,686,6,2,0,20,30,7,1,0
86,686,6,3,0,20,20,7,1,0
86,686,6,4,1,0,0,0,0,1
86,687,7,1,1,15,25,6,1,0
86,687,7,2,0,20,30,7,0,0
86,687,7,3,0,15,25,7,1,0
86,687,7,4,0,0,0,0,0,1
86,688,8,1,0,20,25,8,1,0
86,688,8,2,0,20,25,7,0,0
86,688,8,3,1,15,20,8,0,0
86,688,8,4,0,0,0,0,0,1
87,689,1,1,1,15,30,6,1,0
87,689,1,2,0,20,25,7,1,0
87,689,1,3,0,25,30,7,0,0
87,689,1,4,0,0,0,0,0,1
87,690,2,1,0,25,30,8,1,0
87,690,2,2,1,15,25,7,0,0
87,690,2,3,0,25,20,6,1,0
87,690,2,4,0,0,0,0,0,1
87,691,3,1,1,20,20,8,0,0
87,691,3,2,0,20,30,7,1,0
87,691,3,3,0,25,30,7,0,0
87,691,3,4,0,0,0,0,0,1
87,692,4,1,0,15,25,8,0,0
87,692,4,2,0,15,30,6,1,0
87,692,4,3,1,15,20,7,0,0
87,692,4,4,0,0,0,0,0,1
87,693,5,1,0,15,20,7,0,0
87,693,5,2,0,20,25,7,1,0
87,693,5,3,1,15,25,6,0,0
87,693,5,4,0,0,0,0,0,1
87,694,6,1,1,15,25,6,0,0
87,694,6,2,0,15,25,7,0,0
87,694,6,3,0,25,30,8,0,0
87,694,6,4,0,0,0,0,0,1
87,695,7,1,1,15,20,8,0,0
87,695,7,2,0,15,25,7,1,0
87,695,7,3,0,20,30,8,1,0
87,695,7,4,0,0,0,0,0,1
87,696,8,1,0,15,25,8,1,0
87,696,8,2,1,15,30,8,0,0
87,696,8,3,0,25,20,7,0,0
87,696,8,4,0,0,0,0,0,1
88,697,1,1,1,15,30,6,0,0
88,697,1,2,0,25,20,8,1,0
88,697,1,3,0,15,25,8,0,0
88,697,1,4,0,0,0,0,0,1
88,698,2,1,1,15,20,6,0,0
88,698,2,2,0,20,20,6,0,0
88,698,2,3,0,25,30,6,0,0
88,698,2,4,0,0,0,0,0,1
88,699,3,1,0,25,30,6,1,0
88,699,3,2,1,20,25,7,0,0
88,699,3,3,0,15,30,8,1,0
88,699,3,4,0,0,0,0,0,1
88,700,4,1,0,25,30,8,0,0
88,700,4,2,0,25,30,7,1,0
88,700,4,3,1,20,25,6,0,0
88,700,4,4,0,0,0,0,0,1
88,701,5,1,0,25,20,8,0,0
88,701,5,2,0,20,25,8,1,0
88,701,5,3,0,25,30,8,0,0
88,701,5,4,1,0,0,0,0,1
88,702,6,1,0,20,30,6,1,0
88,702,6,2,0,20,25,6,1,0
88,702,6,3,1,20,25,7,0,0
88,702,6,4,0,0,0,0,0,1
88,703,7,1,1,20,20,7,0,0
88,703,7,2,0,20,30,6,1,0
88,703,7,3,0,25,20,6,1,0
88,703,7,4,0,0,0,0,0,1
88,704,8,1,1,15,30,8,1,0
88,704,8,2,0,25,20,7,0,0
88,704,8,3,0,25,25,8,0,0
88,704,8,4,0,0,0,0,0,1
89,705,1,1,0,25,30,7,1,0
89,705,1,2,1,15,20,8,0,0
89,705,1,3,0,25,30,7,0,0
89,705,1,4,0,0,0,0,0,1
89,706,2,1,0,20,30,7,1,0
89,706,2,2,0,25,25,8,1,0
89,706,2,3,0,25,25,7,1,0
89,706,2,4,1,0,0,0,0,1
89,707,3,1,0,25,20,7,0,0
89,707,3,2,1,15,25,7,1,0
89,707,3,3,0,25,20,8,1,0
89,707,3,4,0,0,0,0,0,1
89,708,4,1,1,15,25,6,0,0
89,708,4,2,0,20,30,6,1,0
89,708,4,3,0,15,30,7,1,0
89,708,4,4,0,0,0,0,0,1
89,709,5,1,0,25,20,7,0,0
89,709,5,2,0,20,25,8,1,0
89,709,5,3,1,15,20,8,0,0
89,709,5,4,0,0,0,0,0,1
89,710,6,1,0,20,20,6,1,0
89,710,6,2,1,15,20,6,0,0
89,710,6,3,0,15,25,7,1,0
89,710,6,4,0,0,0,0,0,1
89,711,7,1,0,25,20,7,1,0
89,711,7,2,0,25,25,7,0,0
89,711,7,3,1,15,25,6,0,0
89,711,7,4,0,0,0,0,0,1
89,712,8,1,0,25,25,7,1,0
89,712,8,2,0,25,25,7,0,0
89,712,8,3,1,15,20,6,0,0
89,712,8,4,0,0,0,0,0,1
90,713,1,1,0,25,25,8,1,0
90,713,1,2,0,25,20,6,1,0
90,713,1,3,0,20,30,7,1,0
90,713,1,4,1,0,0,0,0,1
90,714,2,1,0,25,20,7,0,0
90,714,2,2,0,15,25,8,1,0
90,714,2,3,0,25,25,8,0,0
90,714,2,4,1,0,0,0,0,1
90,715,3,1,0,25,20,7,1,0
90,715,3,2,0,15,30,7,0,0
90,715,3,3,1,15,25,7,0,0
90,715,3,4,0,0,0,0,0,1
90,716,4,1,1,20,20,6,0,0
90,716,4,2,0,25,20,8,1,0
90,716,4,3,0,20,20,6,1,0
90,716,4,4,0,0,0,0,0,1
90,717,5,1,0,15,20,6,1,0
90,717,5,2,0,15,25,7,1,0
90,717,5,3,1,15,25,8,1,0
90,717,5,4,0,0,0,0,0,1
90,718,6,1,1,15,25,6,0,0
90,718,6,2,0,15,20,7,1,0
90,718,6,3,0,25,20,8,1,0
90,718,6,4,0,0,0,0,0,1
90,719,7,1,1,15,30,7,0,0
90,719,7,2,0,15,20,7,1,0
90,719,7,3,0,20,30,6,0,0
90,719,7,4,0,0,0,0,0,1
90,720,8,1,0,25,20,7,0,0
90,720,8,2,1,15,20,7,1,0
90,720,8,3,0,25,30,8,0,0
90,720,8,4,0,0,0,0,0,1
91,721,1,1,0,25,30,8,1,0
91,721,1,2,0,25,25,8,1,0
91,721,1,3,1,15,20,6,0,0
91,721,1,4,0,0,0,0,0,1
91,722,2,1,0,15,30,8,1,0
91,722,2,2,1,20,25,7,0,0
91,722,2,3,0,20,25,8,1,0
91,722,2,4,0,0,0,0,0,1
91,723,3,1,0,25,20,7,0,0
91,723,3,2,0,20,25,8,0,0
91,723,3,3,1,20,20,6,0,0
91,723,3,4,0,0,0,0,0,1
91,724,4,1,1,20,20,6,0,0
91,724,4,2,0,20,30,6,0,0
91,724,4,3,0,25,20,8,1,0
91,724,4,4,0,0,0,0,0,1
91,725,5,1,0,25,30,6,0,0
91,725,5,2,0,20,30,7,1,0
91,725,5,3,1,25,20,8,0,0
91,725,5,4,0,0,0,0,0,1
91,726,6,1,0,15,20,8,1,0
91,726,6,2,0,25,20,8,1,0
91,726,6,3,1,20,25,7,0,0
91,726,6,4,0,0,0,0,0,1
91,727,7,1,0,20,25,7,1,0
91,727,7,2,1,20,30,6,0,0
91,727,7,3,0,25,30,7,1,0
91,727,7,4,0,0,0,0,0,1
91,728,8,1,0,20,25,6,1,0
91,728,8,2,1,25,30,8,0,0
91,728,8,3,0,25,20,7,0,0
91,728,8,4,0,0,0,0,0,1
92,729,1,1,1,20,30,7,1,0
92,729,1,2,0,25,20,6,1,0
92,729,1,3,0,15,25,6,1,0
92,729,1,4,0,0,0,0,0,1
92,730,2,1,0,20,30,7,1,0
92,730,2,2,0,15,25,7,1,0
92,730,2,3,1,20,25,6,0,0
92,730,2,4,0,0,0,0,0,1
92,731,3,1,0,25,25,8,0,0
92,731,3,2,0,25,20,8,1,0
92,731,3,3,1,25,20,7,0,0
92,731,3,4,0,0,0,0,0,1
92,732,4,1,0,20,30,8,0,0
92,732,4,2,0,15,30,6,1,0
92,732,4,3,1,15,30,8,1,0
92,732,4,4,0,0,0,0,0,1
92,733,5,1,1,20,30,8,0,0
92,733,5,2,0,20,30,6,0,0
92,733,5,3,0,15,20,6,1,0
92,733,5,4,0,0,0,0,0,1
92,734,6,1,1,15,30,6,1,0
92,734,6,2,0,25,30,7,1,0
92,734,6,3,0,20,20,7,1,0
92,734,6,4,0,0,0,0,0,1
92,735,7,1,0,20,25,6,1,0
92,735,7,2,0,15,30,7,1,0
92,735,7,3,1,15,25,8,0,0
92,735,7,4,0,0,0,0,0,1
92,736,8,1,0,25,30,6,0,0
92,736,8,2,0,25,20,6,1,0
92,736,8,3,1,20,30,7,0,0
92,736,8,4,0,0,0,0,0,1
93,737,1,1,0,15,25,8,1,0
93,737,1,2,0,25,30,7,0,0
93,737,1,3,1,15,30,7,0,0
93,737,1,4,0,0,0,0,0,1
93,738,2,1,0,15,30,8,1,0
93,738,2,2,1,15,25,8,0,0
93,738,2,3,0,25,25,7,0,0
93,738,2,4,0,0,0,0,0,1
93,739,3,1,0,25,30,7,0,0
93,739,3,2,1,20,25,8,0,0
93,739,3,3,0,15,20,7,1,0
93,739,3,4,0,0,0,0,0,1
93,740,4,1,0,25,30,7,0,0
93,740,4,2,0,20,20,7,1,0
93,740,4,3,0,25,30,6,0,0
93,740,4,4,1,0,0,0,0,1
93,741,5,1,0,15,25,8,1,0
93,741,5,2,1,15,30,6,0,0
93,741,5,3,0,25,30,7,0,0
93,741,5,4,0,0,0,0,0,1
93,742,6,1,0,15,20,8,1,0
93,742,6,2,1,20,25,6,0,0
93,742,6,3,0,25,30,7,1,0
93,742,6,4,0,0,0,0,0,1
93,743,7,1,0,25,25,8,1,0
93,743,7,2,1,15,25,7,0,0
93,743,7,3,0,25,25,6,1,0
93,743,7,4,0,0,0,0,0,1
93,744,8,1,0,20,20,8,1,0
93,744,8,2,0,20,25,7,0,0
93,744,8,3,1,15,20,7,0,0
93,744,8,4,0,0,0,0,0,1
94,745,1,1,0,20,25,7,0,0
94,745,1,2,0,25,30,7,0,0
94,745,1,3,1,20,20,8,0,0
94,745,1,4,0,0,0,0,0,1
94,746,2,1,1,20,30,6,0,0
94,746,2,2,0,25,20,8,0,0
94,746,2,3,0,25,25,8,1,0
94,746,2,4,0,0,0,0,0,1
94,747,3,1,0,15,20,8,1,0
94,747,3,2,0,15,20,7,1,0
94,747,3,3,0,25,25,8,1,0
94,747,3,4,1,0,0,0,0,1
94,748,4,1,0,25,20,7,1,0
94,748,4,2,0,25,20,7,0,0
94,748,4,3,1,15,20,6,1,0
94,748,4,4,0,0,0,0,0,1
94,749,5,1,0,20,20,6,1,0
94,749,5,2,0,20,20,8,0,0
94,749,5,3,0,25,30,7,1,0
94,749,5,4,1,0,0,0,0,1
94,750,6,1,0,20,20,6,1,0
94,750,6,2,0,20,30,6,1,0
94,750,6,3,0,25,30,7,1,0
94,750,6,4,1,0,0,0,0,1
94,751,7,1,0,15,30,7,1,0
94,751,7,2,1,20,20,8,0,0
94,751,7,3,0,20,30,7,0,0
94,751,7,4,0,0,0,0,0,1
94,752,8,1,0,15,20,6,1,0
94,752,8,2,0,25,30,8,1,0
94,752,8,3,1,20,25,7,0,0
94,752,8,4,0,0,0,0,0,1
95,753,1,1,0,25,25,7,0,0
95,753,1,2,1,15,30,7,1,0
95,753,1,3,0,20,30,7,1,0
95,753,1,4,0,0,0,0,0,1
95,754,2,1,0,25,20,8,1,0
95,754,2,2,0,15,25,7,1,0
95,754,2,3,0,20,30,6,1,0
95,754,2,4,1,0,0,0,0,1
95,755,3,1,1,20,30,8,0,0
95,755,3,2,0,25,20,7,1,0
95,755,3,3,0,20,20,6,0,0
95,755,3,4,0,0,0,0,0,1
95,756,4,1,1,15,20,6,0,0
95,756,4,2,0,25,20,6,0,0
95,756,4,3,0,25,30,7,1,0
95,756,4,4,0,0,0,0,0,1
95,757,5,1,0,20,30,6,0,0
95,757,5,2,1,20,25,6,0,0
95,757,5,3,0,20,25,7,1,0
95,757,5,4,0,0,0,0,0,1
95,758,6,1,0,20,30,7,0,0
95,758,6,2,0,20,30,8,1,0
95,758,6,3,1,15,30,8,0,0
95,758,6,4,0,0,0,0,0,1
95,759,7,1,0,15,30,7,1,0
95,759,7,2,1,15,20,8,0,0
95,759,7,3,0,25,20,7,0,0
95,759,7,4,0,0,0,0,0,1
95,760,8,1,0,25,20,7,1,0
95,760,8,2,1,20,30,6,0,0
95,760,8,3,0,25,30,7,1,0
95,760,8,4,0,0,0,0,0,1
96,761,1,1,0,25,30,8,0,0
96,761,1,2,1,15,30,8,0,0
96,761,1,3,0,25,30,7,1,0
96,761,1,4,0,0,0,0,0,1
96,762,2,1,0,20,25,7,0,0
96,762,2,2,0,20,30,6,1,0
96,762,2,3,0,20,25,8,1,0
96,762,2,4,1,0,0,0,0,1
96,763,3,1,0,25,30,6,0,0
96,763,3,2,0,15,25,7,1,0
96,763,3,3,1,15,30,6,1,0
96,763,3,4,0,0,0,0,0,1
96,764,4,1,0,15,30,8,1,0
96,764,4,2,0,25,25,8,0,0
96,764,4,3,1,15,30,7,0,0
96,764,4,4,0,0,0,0,0,1
96,765,5,1,0,25,20,7,0,0
96,765,5,2,0,20,25,7,0,0
96,765,5,3,1,15,25,7,0,0
96,765,5,4,0,0,0,0,0,1
96,766,6,1,1,15,20,6,1,0
96,766,6,2,0,25,30,6,1,0
96,766,6,3,0,25,30,8,1,0
96,766,6,4,0,0,0,0,0,1
96,767,7,1,0,20,25,6,1,0
96,767,7,2,1,15,30,8,1,0
96,767,7,3,0,20,30,6,0,0
96,767,7,4,0,0,0,0,0,1
96,768,8,1,0,15,25,8,1,0
96,768,8,2,1,15,20,7,0,0
96,768,8,3,0,20,30,8,0,0
96,768,8,4,0,0,0,0,0,1
97,769,1,1,0,25,20,7,1,0
97,769,1,2,1,25,25,7,0,0
97,769,1,3,0,25,20,6,1,0
97,769,1,4,0,0,0,0,0,1
97,770,2,1,0,20,25,6,0,0
97,770,2,2,1,15,30,8,0,0
97,770,2,3,0,25,30,8,1,0
97,770,2,4,0,0,0,0,0,1
97,771,3,1,0,20,30,8,0,0
97,771,3,2,1,15,20,7,0,0
97,771,3,3,0,15,20,6,1,0
97,771,3,4,0,0,0,0,0,1
97,772,4,1,1,15,20,8,0,0
97,772,4,2,0,15,30,6,1,0
97,772,4,3,0,25,20,7,0,0
97,772,4,4,0,0,0,0,0,1
97,773,5,1,0,20,30,8,0,0
97,773,5,2,0,25,20,7,1,0
97,773,5,3,0,25,25,7,0,0
97,773,5,4,1,0,0,0,0,1
97,774,6,1,0,25,20,6,1,0
97,774,6,2,1,20,30,7,0,0
97,774,6,3,0,15,25,6,1,0
97,774,6,4,0,0,0,0,0,1
97,775,7,1,0,25,20,6,0,0
97,775,7,2,1,15,30,7,0,0
97,775,7,3,0,20,30,8,0,0
97,775,7,4,0,0,0,0,0,1
97,776,8,1,0,20,20,8,1,0
97,776,8,2,1,15,30,6,0,0
97,776,8,3,0,20,30,7,1,0
97,776,8,4,0,0,0,0,0,1
98,777,1,1,0,25,25,7,1,0
98,777,1,2,0,20,25,7,1,0
98,777,1,3,1,15,25,7,0,0
98,777,1,4,0,0,0,0,0,1
98,778,2,1,1,15,20,6,0,0
98,778,2,2,0,25,20,6,1,0
98,778,2,3,0,20,30,8,1,0
98,778,2,4,0,0,0,0,0,1
98,779,3,1,1,15,30,6,1,0
98,779,3,2,0,25,25,8,0,0
98,779,3,3,0,15,25,8,1,0
98,779,3,4,0,0,0,0,0,1
98,780,4,1,0,15,25,8,0,0
98,780,4,2,1,15,30,8,0,0
98,780,4,3,0,20,20,6,0,0
98,780,4,4,0,0,0,0,0,1
98,781,5,1,0,25,20,7,1,0
98,781,5,2,0,15,20,6,1,0
98,781,5,3,0,15,20,8,1,0
98,781,5,4,1,0,0,0,0,1
98,782,6,1,1,15,20,7,1,0
98,782,6,2,0,25,20,6,0,0
98,782,6,3,0,15,25,7,1,0
98,782,6,4,0,0,0,0,0,1
98,783,7,1,0,20,20,6,0,0
98,783,7,2,0,20,30,8,1,0
98,783,7,3,1,15,25,6,0,0
98,783,7,4,0,0,0,0,0,1
98,784,8,1,0,20,25,8,1,0
98,784,8,2,1,20,25,7,0,0
98,784,8,3,0,20,30,7,1,0
98,784,8,4,0,0,0,0,0,1
99,785,1,1,0,15,30,8,1,0
99,785,1,2,1,15,30,8,0,0
99,785,1,3,0,20,20,8,0,0
99,785,1,4,0,0,0,0,0,1
99,786,2,1,0,20,30,8,1,0
99,786,2,2,0,25,25,8,0,0
99,786,2,3,0,25,25,6,1,0
99,786,2,4,1,0,0,0,0,1
99,787,3,1,0,25,30,7,0,0
99,787,3,2,0,25,30,6,0,0
99,787,3,3,1,15,20,7,0,0
99,787,3,4,0,0,0,0,0,1
99,788,4,1,0,20,20,6,0,0
99,788,4,2,0,25,30,6,0,0
99,788,4,3,1,15,25,7,0,0
99,788,4,4,0,0,0,0,0,1
99,789,5,1,1,15,25,6,1,0
99,789,5,2,0,25,30,6,0,0
99,789,5,3,0,20,20,8,1,0
99,789,5,4,0,0,0,0,0,1
99,790,6,1,0,20,20,6,1,0
99,790,6,2,0,25,20,7,1,0
99,790,6,3,0,20,25,6,1,0
99,790,6,4,1,0,0,0,0,1
99,791,7,1,0,25,30,6,0,0
99,791,7,2,0,15,25,6,1,0
99,791,7,3,1,20,20,6,0,0
99,791,7,4,0,0,0,0,0,1
99,792,8,1,1,20,25,6,0,0
99,792,8,2,0,15,25,7,0,0
99,792,8,3,0,20,25,7,0,0
99,792,8,4,0,0,0,0,0,1
100,793,1,1,0,25,30,8,0,0
100,793,1,2,0,20,30,6,1,0
100,793,1,3,0,20,25,7,1,0
100,793,1,4,1,0,0,0,0,1
100,794,2,1,0,25,30,8,0,0
100,794,2,2,0,25,25,8,0,0
100,794,2,3,1,15,25,6,1,0
100,794,2,4,0,0,0,0,0,1
100,795,3,1,0,25,30,8,1,0
100,795,3,2,0,25,25,6,1,0
100,795,3,3,0,25,25,8,1,0
100,795,3,4,1,0,0,0,0,1
100,796,4,1,1,15,30,6,0,0
100,796,4,2,0,20,20,8,1,0
100,796,4,3,0,15,30,7,0,0
100,796,4,4,0,0,0,0,0,1
100,797,5,1,0,20,30,7,0,0
100,797,5,2,0,25,20,8,0,0
100,797,5,3,1,15,30,8,0,0
100,797,5,4,0,0,0,0,0,1
100,798,6,1,0,15,20,6,1,0
100,798,6,2,1,20,30,6,0,0
100,798,6,3,0,20,25,6,0,0
100,798,6,4,0,0,0,0,0,1
100,799,7,1,0,15,25,7,1,0
100,799,7,2,0,20,20,7,0,0
100,799,7,3,1,15,25,8,0,0
100,799,7,4,0,0,0,0,0,1
100,800,8,1,0,15,25,8,1,0
100,800,8,2,0,25,25,6,0,0
100,800,8,3,1,25,30,7,0,0
100,800,8,4,0,0,0,0,0,1
